Date,Station_Name,Product_Category,Shift,Supervisor,Weekday,Product,Quantity,Unit_Price,Revenue,Month_Name,Month_Number,Quarter,,
01/01/2025,Idimu,Lubricant,Morning,Mr John,Wednesday,AGO,9751,₦750,"₦7,313,250",January,1,1,,
01/01/2025,Idimu,Lubricant,Morning,Mr John,Wednesday,PMS,14423,₦650,"₦9,374,950",January,1,1,,
01/01/2025,Idimu,Lubricant,Morning,Mr John,Wednesday,Lubricant,991,"₦2,000","₦1,982,000",January,1,1,,
01/01/2025,Idimu,Lubricant,Morning,Mr John,Wednesday,Diesel,14362,₦820,"₦11,776,840",January,1,1,,
01/01/2025,Idimu,Lubricant,Morning,Mr John,Wednesday,LPG (kg),1407,₦850,"₦1,195,950",January,1,1,,
02/01/2025,Iwaya,Automotive Fuel,Night,Mrs Chika,Thursday,AGO,5866,₦750,"₦4,399,500",January,1,1,,
02/01/2025,Iwaya,Automotive Fuel,Night,Mrs Chika,Thursday,PMS,12731,₦650,"₦8,275,150",January,1,1,,
02/01/2025,Iwaya,Automotive Fuel,Night,Mrs Chika,Thursday,Lubricant,1427,"₦2,000","₦2,854,000",January,1,1,,
02/01/2025,Iwaya,Automotive Fuel,Night,Mrs Chika,Thursday,Diesel,11577,₦820,"₦9,493,140",January,1,1,,
02/01/2025,Iwaya,Automotive Fuel,Night,Mrs Chika,Thursday,LPG (kg),2207,₦850,"₦1,875,950",January,1,1,,
03/01/2025,Maryland,Lubricant,Morning,Mr John,Friday,AGO,10568,₦750,"₦7,926,000",January,1,1,,
03/01/2025,Maryland,Lubricant,Morning,Mr John,Friday,PMS,21058,₦650,"₦13,687,700",January,1,1,,
03/01/2025,Maryland,Lubricant,Morning,Mr John,Friday,Lubricant,884,"₦2,000","₦1,768,000",January,1,1,,
03/01/2025,Maryland,Lubricant,Morning,Mr John,Friday,Diesel,14609,₦820,"₦11,979,380",January,1,1,,
03/01/2025,Maryland,Lubricant,Morning,Mr John,Friday,LPG (kg),2112,₦850,"₦1,795,200",January,1,1,,
04/01/2025,Idimu,Automotive Fuel,Afternoon,Miss Ada,Saturday,AGO,11098,₦750,"₦8,323,500",January,1,1,,
04/01/2025,Idimu,Automotive Fuel,Afternoon,Miss Ada,Saturday,PMS,11588,₦650,"₦7,532,200",January,1,1,,
04/01/2025,Idimu,Automotive Fuel,Afternoon,Miss Ada,Saturday,Lubricant,679,"₦2,000","₦1,358,000",January,1,1,,
04/01/2025,Idimu,Automotive Fuel,Afternoon,Miss Ada,Saturday,Diesel,9188,₦820,"₦7,534,160",January,1,1,,
04/01/2025,Idimu,Automotive Fuel,Afternoon,Miss Ada,Saturday,LPG (kg),2465,₦850,"₦2,095,250",January,1,1,,
05/01/2025,Iwaya,Cooking Gas,Afternoon,Mr Tunde,Sunday,AGO,10284,₦750,"₦7,713,000",January,1,1,,
05/01/2025,Iwaya,Cooking Gas,Afternoon,Mr Tunde,Sunday,PMS,10074,₦650,"₦6,548,100",January,1,1,,
05/01/2025,Iwaya,Cooking Gas,Afternoon,Mr Tunde,Sunday,Lubricant,662,"₦2,000","₦1,324,000",January,1,1,,
05/01/2025,Iwaya,Cooking Gas,Afternoon,Mr Tunde,Sunday,Diesel,16289,₦820,"₦13,356,980",January,1,1,,
05/01/2025,Iwaya,Cooking Gas,Afternoon,Mr Tunde,Sunday,LPG (kg),1824,₦850,"₦1,550,400",January,1,1,,
06/01/2025,Maryland,Automotive Fuel,Afternoon,Miss Ada,Monday,AGO,5053,₦750,"₦3,789,750",January,1,1,,
06/01/2025,Maryland,Automotive Fuel,Afternoon,Miss Ada,Monday,PMS,22397,₦650,"₦14,558,050",January,1,1,,
06/01/2025,Maryland,Automotive Fuel,Afternoon,Miss Ada,Monday,Lubricant,1239,"₦2,000","₦2,478,000",January,1,1,,
06/01/2025,Maryland,Automotive Fuel,Afternoon,Miss Ada,Monday,Diesel,9611,₦820,"₦7,881,020",January,1,1,,
06/01/2025,Maryland,Automotive Fuel,Afternoon,Miss Ada,Monday,LPG (kg),2371,₦850,"₦2,015,350",January,1,1,,
07/01/2025,Idimu,Automotive Fuel,Afternoon,Mr Tunde,Tuesday,AGO,10466,₦750,"₦7,849,500",January,1,1,,
07/01/2025,Idimu,Automotive Fuel,Afternoon,Mr Tunde,Tuesday,PMS,21070,₦650,"₦13,695,500",January,1,1,,
07/01/2025,Idimu,Automotive Fuel,Afternoon,Mr Tunde,Tuesday,Lubricant,783,"₦2,000","₦1,566,000",January,1,1,,
07/01/2025,Idimu,Automotive Fuel,Afternoon,Mr Tunde,Tuesday,Diesel,13532,₦820,"₦11,096,240",January,1,1,,
07/01/2025,Idimu,Automotive Fuel,Afternoon,Mr Tunde,Tuesday,LPG (kg),1076,₦850,"₦914,600",January,1,1,,
08/01/2025,Iwaya,Lubricant,Night,Mrs Chika,Wednesday,AGO,11083,₦750,"₦8,312,250",January,1,1,,
08/01/2025,Iwaya,Lubricant,Night,Mrs Chika,Wednesday,PMS,28694,₦650,"₦18,651,100",January,1,1,,
08/01/2025,Iwaya,Lubricant,Night,Mrs Chika,Wednesday,Lubricant,1021,"₦2,000","₦2,042,000",January,1,1,,
08/01/2025,Iwaya,Lubricant,Night,Mrs Chika,Wednesday,Diesel,9731,₦820,"₦7,979,420",January,1,1,,
08/01/2025,Iwaya,Lubricant,Night,Mrs Chika,Wednesday,LPG (kg),1012,₦850,"₦860,200",January,1,1,,
09/01/2025,Maryland,Lubricant,Afternoon,Mrs Chika,Thursday,AGO,13032,₦750,"₦9,774,000",January,1,1,,
09/01/2025,Maryland,Lubricant,Afternoon,Mrs Chika,Thursday,PMS,28180,₦650,"₦18,317,000",January,1,1,,
09/01/2025,Maryland,Lubricant,Afternoon,Mrs Chika,Thursday,Lubricant,576,"₦2,000","₦1,152,000",January,1,1,,
09/01/2025,Maryland,Lubricant,Afternoon,Mrs Chika,Thursday,Diesel,19121,₦820,"₦15,679,220",January,1,1,,
09/01/2025,Maryland,Lubricant,Afternoon,Mrs Chika,Thursday,LPG (kg),2028,₦850,"₦1,723,800",January,1,1,,
10/01/2025,Idimu,Automotive Fuel,Afternoon,Mrs Chika,Friday,AGO,6745,₦750,"₦5,058,750",January,1,1,,
10/01/2025,Idimu,Automotive Fuel,Afternoon,Mrs Chika,Friday,PMS,18554,₦650,"₦12,060,100",January,1,1,,
10/01/2025,Idimu,Automotive Fuel,Afternoon,Mrs Chika,Friday,Lubricant,929,"₦2,000","₦1,858,000",January,1,1,,
10/01/2025,Idimu,Automotive Fuel,Afternoon,Mrs Chika,Friday,Diesel,16028,₦820,"₦13,142,960",January,1,1,,
10/01/2025,Idimu,Automotive Fuel,Afternoon,Mrs Chika,Friday,LPG (kg),1613,₦850,"₦1,371,050",January,1,1,,
11/01/2025,Iwaya,Automotive Fuel,Morning,Mr Tunde,Saturday,AGO,11097,₦750,"₦8,322,750",January,1,1,,
11/01/2025,Iwaya,Automotive Fuel,Morning,Mr Tunde,Saturday,PMS,14433,₦650,"₦9,381,450",January,1,1,,
11/01/2025,Iwaya,Automotive Fuel,Morning,Mr Tunde,Saturday,Lubricant,1196,"₦2,000","₦2,392,000",January,1,1,,
11/01/2025,Iwaya,Automotive Fuel,Morning,Mr Tunde,Saturday,Diesel,16604,₦820,"₦13,615,280",January,1,1,,
11/01/2025,Iwaya,Automotive Fuel,Morning,Mr Tunde,Saturday,LPG (kg),1383,₦850,"₦1,175,550",January,1,1,,
12/01/2025,Maryland,Automotive Fuel,Night,Mr Tunde,Sunday,AGO,8605,₦750,"₦6,453,750",January,1,1,,
12/01/2025,Maryland,Automotive Fuel,Night,Mr Tunde,Sunday,PMS,10455,₦650,"₦6,795,750",January,1,1,,
12/01/2025,Maryland,Automotive Fuel,Night,Mr Tunde,Sunday,Lubricant,860,"₦2,000","₦1,720,000",January,1,1,,
12/01/2025,Maryland,Automotive Fuel,Night,Mr Tunde,Sunday,Diesel,15783,₦820,"₦12,942,060",January,1,1,,
12/01/2025,Maryland,Automotive Fuel,Night,Mr Tunde,Sunday,LPG (kg),2375,₦850,"₦2,018,750",January,1,1,,
13/01/2025,Idimu,Automotive Fuel,Morning,Mrs Chika,Monday,AGO,11547,₦750,"₦8,660,250",January,1,1,,
13/01/2025,Idimu,Automotive Fuel,Morning,Mrs Chika,Monday,PMS,26686,₦650,"₦17,345,900",January,1,1,,
13/01/2025,Idimu,Automotive Fuel,Morning,Mrs Chika,Monday,Lubricant,750,"₦2,000","₦1,500,000",January,1,1,,
13/01/2025,Idimu,Automotive Fuel,Morning,Mrs Chika,Monday,Diesel,18632,₦820,"₦15,278,240",January,1,1,,
13/01/2025,Idimu,Automotive Fuel,Morning,Mrs Chika,Monday,LPG (kg),2778,₦850,"₦2,361,300",January,1,1,,
14/01/2025,Iwaya,Lubricant,Afternoon,Miss Ada,Tuesday,AGO,10036,₦750,"₦7,527,000",January,1,1,,
14/01/2025,Iwaya,Lubricant,Afternoon,Miss Ada,Tuesday,PMS,21319,₦650,"₦13,857,350",January,1,1,,
14/01/2025,Iwaya,Lubricant,Afternoon,Miss Ada,Tuesday,Lubricant,1371,"₦2,000","₦2,742,000",January,1,1,,
14/01/2025,Iwaya,Lubricant,Afternoon,Miss Ada,Tuesday,Diesel,14533,₦820,"₦11,917,060",January,1,1,,
14/01/2025,Iwaya,Lubricant,Afternoon,Miss Ada,Tuesday,LPG (kg),2257,₦850,"₦1,918,450",January,1,1,,
15/01/2025,Maryland,Lubricant,Afternoon,Miss Ada,Wednesday,AGO,8784,₦750,"₦6,588,000",January,1,1,,
15/01/2025,Maryland,Lubricant,Afternoon,Miss Ada,Wednesday,PMS,10359,₦650,"₦6,733,350",January,1,1,,
15/01/2025,Maryland,Lubricant,Afternoon,Miss Ada,Wednesday,Lubricant,731,"₦2,000","₦1,462,000",January,1,1,,
15/01/2025,Maryland,Lubricant,Afternoon,Miss Ada,Wednesday,Diesel,16503,₦820,"₦13,532,460",January,1,1,,
15/01/2025,Maryland,Lubricant,Afternoon,Miss Ada,Wednesday,LPG (kg),1190,₦850,"₦1,011,500",January,1,1,,
16/01/2025,Idimu,Lubricant,Night,Mrs Chika,Thursday,AGO,14159,₦750,"₦10,619,250",January,1,1,,
16/01/2025,Idimu,Lubricant,Night,Mrs Chika,Thursday,PMS,15130,₦650,"₦9,834,500",January,1,1,,
16/01/2025,Idimu,Lubricant,Night,Mrs Chika,Thursday,Lubricant,942,"₦2,000","₦1,884,000",January,1,1,,
16/01/2025,Idimu,Lubricant,Night,Mrs Chika,Thursday,Diesel,16228,₦820,"₦13,306,960",January,1,1,,
16/01/2025,Idimu,Lubricant,Night,Mrs Chika,Thursday,LPG (kg),2510,₦850,"₦2,133,500",January,1,1,,
17/01/2025,Iwaya,Lubricant,Night,Miss Ada,Friday,AGO,7406,₦750,"₦5,554,500",January,1,1,,
17/01/2025,Iwaya,Lubricant,Night,Miss Ada,Friday,PMS,23755,₦650,"₦15,440,750",January,1,1,,
17/01/2025,Iwaya,Lubricant,Night,Miss Ada,Friday,Lubricant,1474,"₦2,000","₦2,948,000",January,1,1,,
17/01/2025,Iwaya,Lubricant,Night,Miss Ada,Friday,Diesel,12832,₦820,"₦10,522,240",January,1,1,,
17/01/2025,Iwaya,Lubricant,Night,Miss Ada,Friday,LPG (kg),2654,₦850,"₦2,255,900",January,1,1,,
18/01/2025,Maryland,Automotive Fuel,Night,Mr Tunde,Saturday,AGO,9611,₦750,"₦7,208,250",January,1,1,,
18/01/2025,Maryland,Automotive Fuel,Night,Mr Tunde,Saturday,PMS,15622,₦650,"₦10,154,300",January,1,1,,
18/01/2025,Maryland,Automotive Fuel,Night,Mr Tunde,Saturday,Lubricant,1173,"₦2,000","₦2,346,000",January,1,1,,
18/01/2025,Maryland,Automotive Fuel,Night,Mr Tunde,Saturday,Diesel,17301,₦820,"₦14,186,820",January,1,1,,
18/01/2025,Maryland,Automotive Fuel,Night,Mr Tunde,Saturday,LPG (kg),2276,₦850,"₦1,934,600",January,1,1,,
19/01/2025,Idimu,Cooking Gas,Afternoon,Mr John,Sunday,AGO,7963,₦750,"₦5,972,250",January,1,1,,
19/01/2025,Idimu,Cooking Gas,Afternoon,Mr John,Sunday,PMS,26226,₦650,"₦17,046,900",January,1,1,,
19/01/2025,Idimu,Cooking Gas,Afternoon,Mr John,Sunday,Lubricant,824,"₦2,000","₦1,648,000",January,1,1,,
19/01/2025,Idimu,Cooking Gas,Afternoon,Mr John,Sunday,Diesel,10145,₦820,"₦8,318,900",January,1,1,,
19/01/2025,Idimu,Cooking Gas,Afternoon,Mr John,Sunday,LPG (kg),1695,₦850,"₦1,440,750",January,1,1,,
20/01/2025,Iwaya,Lubricant,Afternoon,Mrs Chika,Monday,AGO,11477,₦750,"₦8,607,750",January,1,1,,
20/01/2025,Iwaya,Lubricant,Afternoon,Mrs Chika,Monday,PMS,27949,₦650,"₦18,166,850",January,1,1,,
20/01/2025,Iwaya,Lubricant,Afternoon,Mrs Chika,Monday,Lubricant,1189,"₦2,000","₦2,378,000",January,1,1,,
20/01/2025,Iwaya,Lubricant,Afternoon,Mrs Chika,Monday,Diesel,18291,₦820,"₦14,998,620",January,1,1,,
20/01/2025,Iwaya,Lubricant,Afternoon,Mrs Chika,Monday,LPG (kg),2649,₦850,"₦2,251,650",January,1,1,,
21/01/2025,Maryland,Lubricant,Night,Mr Tunde,Tuesday,AGO,8414,₦750,"₦6,310,500",January,1,1,,
21/01/2025,Maryland,Lubricant,Night,Mr Tunde,Tuesday,PMS,19987,₦650,"₦12,991,550",January,1,1,,
21/01/2025,Maryland,Lubricant,Night,Mr Tunde,Tuesday,Lubricant,884,"₦2,000","₦1,768,000",January,1,1,,
21/01/2025,Maryland,Lubricant,Night,Mr Tunde,Tuesday,Diesel,18874,₦820,"₦15,476,680",January,1,1,,
21/01/2025,Maryland,Lubricant,Night,Mr Tunde,Tuesday,LPG (kg),2544,₦850,"₦2,162,400",January,1,1,,
22/01/2025,Idimu,Cooking Gas,Afternoon,Mr John,Wednesday,AGO,9078,₦750,"₦6,808,500",January,1,1,,
22/01/2025,Idimu,Cooking Gas,Afternoon,Mr John,Wednesday,PMS,27765,₦650,"₦18,047,250",January,1,1,,
22/01/2025,Idimu,Cooking Gas,Afternoon,Mr John,Wednesday,Lubricant,1010,"₦2,000","₦2,020,000",January,1,1,,
22/01/2025,Idimu,Cooking Gas,Afternoon,Mr John,Wednesday,Diesel,15795,₦820,"₦12,951,900",January,1,1,,
22/01/2025,Idimu,Cooking Gas,Afternoon,Mr John,Wednesday,LPG (kg),1498,₦850,"₦1,273,300",January,1,1,,
23/01/2025,Iwaya,Cooking Gas,Morning,Mr John,Thursday,AGO,11975,₦750,"₦8,981,250",January,1,1,,
23/01/2025,Iwaya,Cooking Gas,Morning,Mr John,Thursday,PMS,14930,₦650,"₦9,704,500",January,1,1,,
23/01/2025,Iwaya,Cooking Gas,Morning,Mr John,Thursday,Lubricant,1088,"₦2,000","₦2,176,000",January,1,1,,
23/01/2025,Iwaya,Cooking Gas,Morning,Mr John,Thursday,Diesel,11528,₦820,"₦9,452,960",January,1,1,,
23/01/2025,Iwaya,Cooking Gas,Morning,Mr John,Thursday,LPG (kg),2646,₦850,"₦2,249,100",January,1,1,,
24/01/2025,Maryland,Automotive Fuel,Afternoon,Miss Ada,Friday,AGO,12569,₦750,"₦9,426,750",January,1,1,,
24/01/2025,Maryland,Automotive Fuel,Afternoon,Miss Ada,Friday,PMS,26735,₦650,"₦17,377,750",January,1,1,,
24/01/2025,Maryland,Automotive Fuel,Afternoon,Miss Ada,Friday,Lubricant,1470,"₦2,000","₦2,940,000",January,1,1,,
24/01/2025,Maryland,Automotive Fuel,Afternoon,Miss Ada,Friday,Diesel,9947,₦820,"₦8,156,540",January,1,1,,
24/01/2025,Maryland,Automotive Fuel,Afternoon,Miss Ada,Friday,LPG (kg),2382,₦850,"₦2,024,700",January,1,1,,
25/01/2025,Idimu,Cooking Gas,Afternoon,Mr Tunde,Saturday,AGO,7928,₦750,"₦5,946,000",January,1,1,,
25/01/2025,Idimu,Cooking Gas,Afternoon,Mr Tunde,Saturday,PMS,24033,₦650,"₦15,621,450",January,1,1,,
25/01/2025,Idimu,Cooking Gas,Afternoon,Mr Tunde,Saturday,Lubricant,902,"₦2,000","₦1,804,000",January,1,1,,
25/01/2025,Idimu,Cooking Gas,Afternoon,Mr Tunde,Saturday,Diesel,18321,₦820,"₦15,023,220",January,1,1,,
25/01/2025,Idimu,Cooking Gas,Afternoon,Mr Tunde,Saturday,LPG (kg),2446,₦850,"₦2,079,100",January,1,1,,
26/01/2025,Iwaya,Cooking Gas,Night,Mr Tunde,Sunday,AGO,11356,₦750,"₦8,517,000",January,1,1,,
26/01/2025,Iwaya,Cooking Gas,Night,Mr Tunde,Sunday,PMS,16292,₦650,"₦10,589,800",January,1,1,,
26/01/2025,Iwaya,Cooking Gas,Night,Mr Tunde,Sunday,Lubricant,1016,"₦2,000","₦2,032,000",January,1,1,,
26/01/2025,Iwaya,Cooking Gas,Night,Mr Tunde,Sunday,Diesel,13767,₦820,"₦11,288,940",January,1,1,,
26/01/2025,Iwaya,Cooking Gas,Night,Mr Tunde,Sunday,LPG (kg),2005,₦850,"₦1,704,250",January,1,1,,
27/01/2025,Maryland,Automotive Fuel,Morning,Miss Ada,Monday,AGO,5833,₦750,"₦4,374,750",January,1,1,,
27/01/2025,Maryland,Automotive Fuel,Morning,Miss Ada,Monday,PMS,11164,₦650,"₦7,256,600",January,1,1,,
27/01/2025,Maryland,Automotive Fuel,Morning,Miss Ada,Monday,Lubricant,634,"₦2,000","₦1,268,000",January,1,1,,
27/01/2025,Maryland,Automotive Fuel,Morning,Miss Ada,Monday,Diesel,12485,₦820,"₦10,237,700",January,1,1,,
27/01/2025,Maryland,Automotive Fuel,Morning,Miss Ada,Monday,LPG (kg),2684,₦850,"₦2,281,400",January,1,1,,
28/01/2025,Idimu,Lubricant,Night,Mrs Chika,Tuesday,AGO,14687,₦750,"₦11,015,250",January,1,1,,
28/01/2025,Idimu,Lubricant,Night,Mrs Chika,Tuesday,PMS,27279,₦650,"₦17,731,350",January,1,1,,
28/01/2025,Idimu,Lubricant,Night,Mrs Chika,Tuesday,Lubricant,1457,"₦2,000","₦2,914,000",January,1,1,,
28/01/2025,Idimu,Lubricant,Night,Mrs Chika,Tuesday,Diesel,9262,₦820,"₦7,594,840",January,1,1,,
28/01/2025,Idimu,Lubricant,Night,Mrs Chika,Tuesday,LPG (kg),2619,₦850,"₦2,226,150",January,1,1,,
29/01/2025,Iwaya,Cooking Gas,Morning,Mr Tunde,Wednesday,AGO,13659,₦750,"₦10,244,250",January,1,1,,
29/01/2025,Iwaya,Cooking Gas,Morning,Mr Tunde,Wednesday,PMS,19171,₦650,"₦12,461,150",January,1,1,,
29/01/2025,Iwaya,Cooking Gas,Morning,Mr Tunde,Wednesday,Lubricant,624,"₦2,000","₦1,248,000",January,1,1,,
29/01/2025,Iwaya,Cooking Gas,Morning,Mr Tunde,Wednesday,Diesel,10862,₦820,"₦8,906,840",January,1,1,,
29/01/2025,Iwaya,Cooking Gas,Morning,Mr Tunde,Wednesday,LPG (kg),2516,₦850,"₦2,138,600",January,1,1,,
30/01/2025,Maryland,Automotive Fuel,Night,Mr John,Thursday,AGO,8302,₦750,"₦6,226,500",January,1,1,,
30/01/2025,Maryland,Automotive Fuel,Night,Mr John,Thursday,PMS,29648,₦650,"₦19,271,200",January,1,1,,
30/01/2025,Maryland,Automotive Fuel,Night,Mr John,Thursday,Lubricant,1151,"₦2,000","₦2,302,000",January,1,1,,
30/01/2025,Maryland,Automotive Fuel,Night,Mr John,Thursday,Diesel,15057,₦820,"₦12,346,740",January,1,1,,
30/01/2025,Maryland,Automotive Fuel,Night,Mr John,Thursday,LPG (kg),2160,₦850,"₦1,836,000",January,1,1,,
31/01/2025,Idimu,Cooking Gas,Morning,Mrs Chika,Friday,AGO,9530,₦750,"₦7,147,500",January,1,1,,
31/01/2025,Idimu,Cooking Gas,Morning,Mrs Chika,Friday,PMS,11753,₦650,"₦7,639,450",January,1,1,,
31/01/2025,Idimu,Cooking Gas,Morning,Mrs Chika,Friday,Lubricant,1154,"₦2,000","₦2,308,000",January,1,1,,
31/01/2025,Idimu,Cooking Gas,Morning,Mrs Chika,Friday,Diesel,8480,₦820,"₦6,953,600",January,1,1,,
31/01/2025,Idimu,Cooking Gas,Morning,Mrs Chika,Friday,LPG (kg),2528,₦850,"₦2,148,800",January,1,1,,
01/02/2025,Iwaya,Automotive Fuel,Morning,Mr John,Saturday,AGO,5749,₦750,"₦4,311,750",February,2,1,,
01/02/2025,Iwaya,Automotive Fuel,Morning,Mr John,Saturday,PMS,10040,₦650,"₦6,526,000",February,2,1,,
01/02/2025,Iwaya,Automotive Fuel,Morning,Mr John,Saturday,Lubricant,917,"₦2,000","₦1,834,000",February,2,1,,
01/02/2025,Iwaya,Automotive Fuel,Morning,Mr John,Saturday,Diesel,14520,₦820,"₦11,906,400",February,2,1,,
01/02/2025,Iwaya,Automotive Fuel,Morning,Mr John,Saturday,LPG (kg),1057,₦850,"₦898,450",February,2,1,,
02/02/2025,Maryland,Lubricant,Morning,Mrs Chika,Sunday,AGO,8546,₦750,"₦6,409,500",February,2,1,,
02/02/2025,Maryland,Lubricant,Morning,Mrs Chika,Sunday,PMS,17273,₦650,"₦11,227,450",February,2,1,,
02/02/2025,Maryland,Lubricant,Morning,Mrs Chika,Sunday,Lubricant,831,"₦2,000","₦1,662,000",February,2,1,,
02/02/2025,Maryland,Lubricant,Morning,Mrs Chika,Sunday,Diesel,19407,₦820,"₦15,913,740",February,2,1,,
02/02/2025,Maryland,Lubricant,Morning,Mrs Chika,Sunday,LPG (kg),2197,₦850,"₦1,867,450",February,2,1,,
03/02/2025,Idimu,Lubricant,Night,Miss Ada,Monday,AGO,5144,₦750,"₦3,858,000",February,2,1,,
03/02/2025,Idimu,Lubricant,Night,Miss Ada,Monday,PMS,27155,₦650,"₦17,650,750",February,2,1,,
03/02/2025,Idimu,Lubricant,Night,Miss Ada,Monday,Lubricant,1255,"₦2,000","₦2,510,000",February,2,1,,
03/02/2025,Idimu,Lubricant,Night,Miss Ada,Monday,Diesel,9970,₦820,"₦8,175,400",February,2,1,,
03/02/2025,Idimu,Lubricant,Night,Miss Ada,Monday,LPG (kg),2390,₦850,"₦2,031,500",February,2,1,,
04/02/2025,Iwaya,Lubricant,Afternoon,Mr Tunde,Tuesday,AGO,7195,₦750,"₦5,396,250",February,2,1,,
04/02/2025,Iwaya,Lubricant,Afternoon,Mr Tunde,Tuesday,PMS,24803,₦650,"₦16,121,950",February,2,1,,
04/02/2025,Iwaya,Lubricant,Afternoon,Mr Tunde,Tuesday,Lubricant,546,"₦2,000","₦1,092,000",February,2,1,,
04/02/2025,Iwaya,Lubricant,Afternoon,Mr Tunde,Tuesday,Diesel,8984,₦820,"₦7,366,880",February,2,1,,
04/02/2025,Iwaya,Lubricant,Afternoon,Mr Tunde,Tuesday,LPG (kg),2456,₦850,"₦2,087,600",February,2,1,,
05/02/2025,Maryland,Cooking Gas,Night,Mrs Chika,Wednesday,AGO,11324,₦750,"₦8,493,000",February,2,1,,
05/02/2025,Maryland,Cooking Gas,Night,Mrs Chika,Wednesday,PMS,11317,₦650,"₦7,356,050",February,2,1,,
05/02/2025,Maryland,Cooking Gas,Night,Mrs Chika,Wednesday,Lubricant,1185,"₦2,000","₦2,370,000",February,2,1,,
05/02/2025,Maryland,Cooking Gas,Night,Mrs Chika,Wednesday,Diesel,14884,₦820,"₦12,204,880",February,2,1,,
05/02/2025,Maryland,Cooking Gas,Night,Mrs Chika,Wednesday,LPG (kg),2349,₦850,"₦1,996,650",February,2,1,,
06/02/2025,Idimu,Lubricant,Morning,Mrs Chika,Thursday,AGO,7197,₦750,"₦5,397,750",February,2,1,,
06/02/2025,Idimu,Lubricant,Morning,Mrs Chika,Thursday,PMS,20784,₦650,"₦13,509,600",February,2,1,,
06/02/2025,Idimu,Lubricant,Morning,Mrs Chika,Thursday,Lubricant,616,"₦2,000","₦1,232,000",February,2,1,,
06/02/2025,Idimu,Lubricant,Morning,Mrs Chika,Thursday,Diesel,15956,₦820,"₦13,083,920",February,2,1,,
06/02/2025,Idimu,Lubricant,Morning,Mrs Chika,Thursday,LPG (kg),2852,₦850,"₦2,424,200",February,2,1,,
07/02/2025,Iwaya,Cooking Gas,Morning,Mr Tunde,Friday,AGO,9501,₦750,"₦7,125,750",February,2,1,,
07/02/2025,Iwaya,Cooking Gas,Morning,Mr Tunde,Friday,PMS,27829,₦650,"₦18,088,850",February,2,1,,
07/02/2025,Iwaya,Cooking Gas,Morning,Mr Tunde,Friday,Lubricant,895,"₦2,000","₦1,790,000",February,2,1,,
07/02/2025,Iwaya,Cooking Gas,Morning,Mr Tunde,Friday,Diesel,15908,₦820,"₦13,044,560",February,2,1,,
07/02/2025,Iwaya,Cooking Gas,Morning,Mr Tunde,Friday,LPG (kg),1943,₦850,"₦1,651,550",February,2,1,,
08/02/2025,Maryland,Lubricant,Night,Mr Tunde,Saturday,AGO,9538,₦750,"₦7,153,500",February,2,1,,
08/02/2025,Maryland,Lubricant,Night,Mr Tunde,Saturday,PMS,24472,₦650,"₦15,906,800",February,2,1,,
08/02/2025,Maryland,Lubricant,Night,Mr Tunde,Saturday,Lubricant,1393,"₦2,000","₦2,786,000",February,2,1,,
08/02/2025,Maryland,Lubricant,Night,Mr Tunde,Saturday,Diesel,13875,₦820,"₦11,377,500",February,2,1,,
08/02/2025,Maryland,Lubricant,Night,Mr Tunde,Saturday,LPG (kg),2440,₦850,"₦2,074,000",February,2,1,,
09/02/2025,Idimu,Cooking Gas,Night,Mr John,Sunday,AGO,9707,₦750,"₦7,280,250",February,2,1,,
09/02/2025,Idimu,Cooking Gas,Night,Mr John,Sunday,PMS,16336,₦650,"₦10,618,400",February,2,1,,
09/02/2025,Idimu,Cooking Gas,Night,Mr John,Sunday,Lubricant,1495,"₦2,000","₦2,990,000",February,2,1,,
09/02/2025,Idimu,Cooking Gas,Night,Mr John,Sunday,Diesel,18014,₦820,"₦14,771,480",February,2,1,,
09/02/2025,Idimu,Cooking Gas,Night,Mr John,Sunday,LPG (kg),1426,₦850,"₦1,212,100",February,2,1,,
10/02/2025,Iwaya,Automotive Fuel,Afternoon,Mr Tunde,Monday,AGO,5464,₦750,"₦4,098,000",February,2,1,,
10/02/2025,Iwaya,Automotive Fuel,Afternoon,Mr Tunde,Monday,PMS,16955,₦650,"₦11,020,750",February,2,1,,
10/02/2025,Iwaya,Automotive Fuel,Afternoon,Mr Tunde,Monday,Lubricant,571,"₦2,000","₦1,142,000",February,2,1,,
10/02/2025,Iwaya,Automotive Fuel,Afternoon,Mr Tunde,Monday,Diesel,8124,₦820,"₦6,661,680",February,2,1,,
10/02/2025,Iwaya,Automotive Fuel,Afternoon,Mr Tunde,Monday,LPG (kg),1384,₦850,"₦1,176,400",February,2,1,,
11/02/2025,Maryland,Automotive Fuel,Morning,Mr John,Tuesday,AGO,8641,₦750,"₦6,480,750",February,2,1,,
11/02/2025,Maryland,Automotive Fuel,Morning,Mr John,Tuesday,PMS,14839,₦650,"₦9,645,350",February,2,1,,
11/02/2025,Maryland,Automotive Fuel,Morning,Mr John,Tuesday,Lubricant,535,"₦2,000","₦1,070,000",February,2,1,,
11/02/2025,Maryland,Automotive Fuel,Morning,Mr John,Tuesday,Diesel,9715,₦820,"₦7,966,300",February,2,1,,
11/02/2025,Maryland,Automotive Fuel,Morning,Mr John,Tuesday,LPG (kg),1335,₦850,"₦1,134,750",February,2,1,,
12/02/2025,Idimu,Cooking Gas,Afternoon,Mr John,Wednesday,AGO,7200,₦750,"₦5,400,000",February,2,1,,
12/02/2025,Idimu,Cooking Gas,Afternoon,Mr John,Wednesday,PMS,13873,₦650,"₦9,017,450",February,2,1,,
12/02/2025,Idimu,Cooking Gas,Afternoon,Mr John,Wednesday,Lubricant,1330,"₦2,000","₦2,660,000",February,2,1,,
12/02/2025,Idimu,Cooking Gas,Afternoon,Mr John,Wednesday,Diesel,10593,₦820,"₦8,686,260",February,2,1,,
12/02/2025,Idimu,Cooking Gas,Afternoon,Mr John,Wednesday,LPG (kg),2507,₦850,"₦2,130,950",February,2,1,,
13/02/2025,Iwaya,Cooking Gas,Afternoon,Mr Tunde,Thursday,AGO,9312,₦750,"₦6,984,000",February,2,1,,
13/02/2025,Iwaya,Cooking Gas,Afternoon,Mr Tunde,Thursday,PMS,18427,₦650,"₦11,977,550",February,2,1,,
13/02/2025,Iwaya,Cooking Gas,Afternoon,Mr Tunde,Thursday,Lubricant,1278,"₦2,000","₦2,556,000",February,2,1,,
13/02/2025,Iwaya,Cooking Gas,Afternoon,Mr Tunde,Thursday,Diesel,16064,₦820,"₦13,172,480",February,2,1,,
13/02/2025,Iwaya,Cooking Gas,Afternoon,Mr Tunde,Thursday,LPG (kg),2773,₦850,"₦2,357,050",February,2,1,,
14/02/2025,Maryland,Lubricant,Night,Miss Ada,Friday,AGO,13021,₦750,"₦9,765,750",February,2,1,,
14/02/2025,Maryland,Lubricant,Night,Miss Ada,Friday,PMS,25012,₦650,"₦16,257,800",February,2,1,,
14/02/2025,Maryland,Lubricant,Night,Miss Ada,Friday,Lubricant,1422,"₦2,000","₦2,844,000",February,2,1,,
14/02/2025,Maryland,Lubricant,Night,Miss Ada,Friday,Diesel,15913,₦820,"₦13,048,660",February,2,1,,
14/02/2025,Maryland,Lubricant,Night,Miss Ada,Friday,LPG (kg),2967,₦850,"₦2,521,950",February,2,1,,
15/02/2025,Idimu,Cooking Gas,Night,Mr Tunde,Saturday,AGO,12685,₦750,"₦9,513,750",February,2,1,,
15/02/2025,Idimu,Cooking Gas,Night,Mr Tunde,Saturday,PMS,20353,₦650,"₦13,229,450",February,2,1,,
15/02/2025,Idimu,Cooking Gas,Night,Mr Tunde,Saturday,Lubricant,1445,"₦2,000","₦2,890,000",February,2,1,,
15/02/2025,Idimu,Cooking Gas,Night,Mr Tunde,Saturday,Diesel,10579,₦820,"₦8,674,780",February,2,1,,
15/02/2025,Idimu,Cooking Gas,Night,Mr Tunde,Saturday,LPG (kg),1260,₦850,"₦1,071,000",February,2,1,,
16/02/2025,Iwaya,Automotive Fuel,Morning,Miss Ada,Sunday,AGO,5446,₦750,"₦4,084,500",February,2,1,,
16/02/2025,Iwaya,Automotive Fuel,Morning,Miss Ada,Sunday,PMS,17253,₦650,"₦11,214,450",February,2,1,,
16/02/2025,Iwaya,Automotive Fuel,Morning,Miss Ada,Sunday,Lubricant,1420,"₦2,000","₦2,840,000",February,2,1,,
16/02/2025,Iwaya,Automotive Fuel,Morning,Miss Ada,Sunday,Diesel,19508,₦820,"₦15,996,560",February,2,1,,
16/02/2025,Iwaya,Automotive Fuel,Morning,Miss Ada,Sunday,LPG (kg),2373,₦850,"₦2,017,050",February,2,1,,
17/02/2025,Maryland,Lubricant,Morning,Mr Tunde,Monday,AGO,6861,₦750,"₦5,145,750",February,2,1,,
17/02/2025,Maryland,Lubricant,Morning,Mr Tunde,Monday,PMS,20228,₦650,"₦13,148,200",February,2,1,,
17/02/2025,Maryland,Lubricant,Morning,Mr Tunde,Monday,Lubricant,1280,"₦2,000","₦2,560,000",February,2,1,,
17/02/2025,Maryland,Lubricant,Morning,Mr Tunde,Monday,Diesel,14485,₦820,"₦11,877,700",February,2,1,,
17/02/2025,Maryland,Lubricant,Morning,Mr Tunde,Monday,LPG (kg),1132,₦850,"₦962,200",February,2,1,,
18/02/2025,Idimu,Cooking Gas,Afternoon,Mrs Chika,Tuesday,AGO,12640,₦750,"₦9,480,000",February,2,1,,
18/02/2025,Idimu,Cooking Gas,Afternoon,Mrs Chika,Tuesday,PMS,12872,₦650,"₦8,366,800",February,2,1,,
18/02/2025,Idimu,Cooking Gas,Afternoon,Mrs Chika,Tuesday,Lubricant,691,"₦2,000","₦1,382,000",February,2,1,,
18/02/2025,Idimu,Cooking Gas,Afternoon,Mrs Chika,Tuesday,Diesel,11438,₦820,"₦9,379,160",February,2,1,,
18/02/2025,Idimu,Cooking Gas,Afternoon,Mrs Chika,Tuesday,LPG (kg),2319,₦850,"₦1,971,150",February,2,1,,
19/02/2025,Iwaya,Automotive Fuel,Afternoon,Miss Ada,Wednesday,AGO,13840,₦750,"₦10,380,000",February,2,1,,
19/02/2025,Iwaya,Automotive Fuel,Afternoon,Miss Ada,Wednesday,PMS,11026,₦650,"₦7,166,900",February,2,1,,
19/02/2025,Iwaya,Automotive Fuel,Afternoon,Miss Ada,Wednesday,Lubricant,878,"₦2,000","₦1,756,000",February,2,1,,
19/02/2025,Iwaya,Automotive Fuel,Afternoon,Miss Ada,Wednesday,Diesel,15142,₦820,"₦12,416,440",February,2,1,,
19/02/2025,Iwaya,Automotive Fuel,Afternoon,Miss Ada,Wednesday,LPG (kg),1595,₦850,"₦1,355,750",February,2,1,,
20/02/2025,Maryland,Lubricant,Afternoon,Mrs Chika,Thursday,AGO,11147,₦750,"₦8,360,250",February,2,1,,
20/02/2025,Maryland,Lubricant,Afternoon,Mrs Chika,Thursday,PMS,15579,₦650,"₦10,126,350",February,2,1,,
20/02/2025,Maryland,Lubricant,Afternoon,Mrs Chika,Thursday,Lubricant,1345,"₦2,000","₦2,690,000",February,2,1,,
20/02/2025,Maryland,Lubricant,Afternoon,Mrs Chika,Thursday,Diesel,10356,₦820,"₦8,491,920",February,2,1,,
20/02/2025,Maryland,Lubricant,Afternoon,Mrs Chika,Thursday,LPG (kg),1547,₦850,"₦1,314,950",February,2,1,,
21/02/2025,Idimu,Automotive Fuel,Morning,Miss Ada,Friday,AGO,6468,₦750,"₦4,851,000",February,2,1,,
21/02/2025,Idimu,Automotive Fuel,Morning,Miss Ada,Friday,PMS,12016,₦650,"₦7,810,400",February,2,1,,
21/02/2025,Idimu,Automotive Fuel,Morning,Miss Ada,Friday,Lubricant,636,"₦2,000","₦1,272,000",February,2,1,,
21/02/2025,Idimu,Automotive Fuel,Morning,Miss Ada,Friday,Diesel,14336,₦820,"₦11,755,520",February,2,1,,
21/02/2025,Idimu,Automotive Fuel,Morning,Miss Ada,Friday,LPG (kg),1560,₦850,"₦1,326,000",February,2,1,,
22/02/2025,Iwaya,Cooking Gas,Afternoon,Mr Tunde,Saturday,AGO,6238,₦750,"₦4,678,500",February,2,1,,
22/02/2025,Iwaya,Cooking Gas,Afternoon,Mr Tunde,Saturday,PMS,14412,₦650,"₦9,367,800",February,2,1,,
22/02/2025,Iwaya,Cooking Gas,Afternoon,Mr Tunde,Saturday,Lubricant,1237,"₦2,000","₦2,474,000",February,2,1,,
22/02/2025,Iwaya,Cooking Gas,Afternoon,Mr Tunde,Saturday,Diesel,9499,₦820,"₦7,789,180",February,2,1,,
22/02/2025,Iwaya,Cooking Gas,Afternoon,Mr Tunde,Saturday,LPG (kg),2332,₦850,"₦1,982,200",February,2,1,,
23/02/2025,Maryland,Cooking Gas,Afternoon,Miss Ada,Sunday,AGO,10241,₦750,"₦7,680,750",February,2,1,,
23/02/2025,Maryland,Cooking Gas,Afternoon,Miss Ada,Sunday,PMS,11685,₦650,"₦7,595,250",February,2,1,,
23/02/2025,Maryland,Cooking Gas,Afternoon,Miss Ada,Sunday,Lubricant,1425,"₦2,000","₦2,850,000",February,2,1,,
23/02/2025,Maryland,Cooking Gas,Afternoon,Miss Ada,Sunday,Diesel,11169,₦820,"₦9,158,580",February,2,1,,
23/02/2025,Maryland,Cooking Gas,Afternoon,Miss Ada,Sunday,LPG (kg),2944,₦850,"₦2,502,400",February,2,1,,
24/02/2025,Idimu,Cooking Gas,Morning,Mr Tunde,Monday,AGO,10157,₦750,"₦7,617,750",February,2,1,,
24/02/2025,Idimu,Cooking Gas,Morning,Mr Tunde,Monday,PMS,26145,₦650,"₦16,994,250",February,2,1,,
24/02/2025,Idimu,Cooking Gas,Morning,Mr Tunde,Monday,Lubricant,883,"₦2,000","₦1,766,000",February,2,1,,
24/02/2025,Idimu,Cooking Gas,Morning,Mr Tunde,Monday,Diesel,8103,₦820,"₦6,644,460",February,2,1,,
24/02/2025,Idimu,Cooking Gas,Morning,Mr Tunde,Monday,LPG (kg),1205,₦850,"₦1,024,250",February,2,1,,
25/02/2025,Iwaya,Automotive Fuel,Morning,Mrs Chika,Tuesday,AGO,14276,₦750,"₦10,707,000",February,2,1,,
25/02/2025,Iwaya,Automotive Fuel,Morning,Mrs Chika,Tuesday,PMS,22662,₦650,"₦14,730,300",February,2,1,,
25/02/2025,Iwaya,Automotive Fuel,Morning,Mrs Chika,Tuesday,Lubricant,840,"₦2,000","₦1,680,000",February,2,1,,
25/02/2025,Iwaya,Automotive Fuel,Morning,Mrs Chika,Tuesday,Diesel,8680,₦820,"₦7,117,600",February,2,1,,
25/02/2025,Iwaya,Automotive Fuel,Morning,Mrs Chika,Tuesday,LPG (kg),2361,₦850,"₦2,006,850",February,2,1,,
26/02/2025,Maryland,Cooking Gas,Morning,Mrs Chika,Wednesday,AGO,9745,₦750,"₦7,308,750",February,2,1,,
26/02/2025,Maryland,Cooking Gas,Morning,Mrs Chika,Wednesday,PMS,15484,₦650,"₦10,064,600",February,2,1,,
26/02/2025,Maryland,Cooking Gas,Morning,Mrs Chika,Wednesday,Lubricant,1308,"₦2,000","₦2,616,000",February,2,1,,
26/02/2025,Maryland,Cooking Gas,Morning,Mrs Chika,Wednesday,Diesel,19265,₦820,"₦15,797,300",February,2,1,,
26/02/2025,Maryland,Cooking Gas,Morning,Mrs Chika,Wednesday,LPG (kg),2384,₦850,"₦2,026,400",February,2,1,,
27/02/2025,Idimu,Cooking Gas,Afternoon,Mr Tunde,Thursday,AGO,6992,₦750,"₦5,244,000",February,2,1,,
27/02/2025,Idimu,Cooking Gas,Afternoon,Mr Tunde,Thursday,PMS,13781,₦650,"₦8,957,650",February,2,1,,
27/02/2025,Idimu,Cooking Gas,Afternoon,Mr Tunde,Thursday,Lubricant,1021,"₦2,000","₦2,042,000",February,2,1,,
27/02/2025,Idimu,Cooking Gas,Afternoon,Mr Tunde,Thursday,Diesel,15192,₦820,"₦12,457,440",February,2,1,,
27/02/2025,Idimu,Cooking Gas,Afternoon,Mr Tunde,Thursday,LPG (kg),2195,₦850,"₦1,865,750",February,2,1,,
28/02/2025,Iwaya,Lubricant,Night,Mr John,Friday,AGO,12928,₦750,"₦9,696,000",February,2,1,,
28/02/2025,Iwaya,Lubricant,Night,Mr John,Friday,PMS,15361,₦650,"₦9,984,650",February,2,1,,
28/02/2025,Iwaya,Lubricant,Night,Mr John,Friday,Lubricant,1257,"₦2,000","₦2,514,000",February,2,1,,
28/02/2025,Iwaya,Lubricant,Night,Mr John,Friday,Diesel,10803,₦820,"₦8,858,460",February,2,1,,
28/02/2025,Iwaya,Lubricant,Night,Mr John,Friday,LPG (kg),1091,₦850,"₦927,350",February,2,1,,
01/03/2025,Maryland,Lubricant,Morning,Mr John,Saturday,AGO,7875,₦750,"₦5,906,250",March,3,1,,
01/03/2025,Maryland,Lubricant,Morning,Mr John,Saturday,PMS,24183,₦650,"₦15,718,950",March,3,1,,
01/03/2025,Maryland,Lubricant,Morning,Mr John,Saturday,Lubricant,825,"₦2,000","₦1,650,000",March,3,1,,
01/03/2025,Maryland,Lubricant,Morning,Mr John,Saturday,Diesel,9025,₦820,"₦7,400,500",March,3,1,,
01/03/2025,Maryland,Lubricant,Morning,Mr John,Saturday,LPG (kg),1563,₦850,"₦1,328,550",March,3,1,,
02/03/2025,Idimu,Cooking Gas,Morning,Mr John,Sunday,AGO,7026,₦750,"₦5,269,500",March,3,1,,
02/03/2025,Idimu,Cooking Gas,Morning,Mr John,Sunday,PMS,26288,₦650,"₦17,087,200",March,3,1,,
02/03/2025,Idimu,Cooking Gas,Morning,Mr John,Sunday,Lubricant,989,"₦2,000","₦1,978,000",March,3,1,,
02/03/2025,Idimu,Cooking Gas,Morning,Mr John,Sunday,Diesel,17048,₦820,"₦13,979,360",March,3,1,,
02/03/2025,Idimu,Cooking Gas,Morning,Mr John,Sunday,LPG (kg),2906,₦850,"₦2,470,100",March,3,1,,
03/03/2025,Iwaya,Lubricant,Night,Mr John,Monday,AGO,5363,₦750,"₦4,022,250",March,3,1,,
03/03/2025,Iwaya,Lubricant,Night,Mr John,Monday,PMS,22876,₦650,"₦14,869,400",March,3,1,,
03/03/2025,Iwaya,Lubricant,Night,Mr John,Monday,Lubricant,1028,"₦2,000","₦2,056,000",March,3,1,,
03/03/2025,Iwaya,Lubricant,Night,Mr John,Monday,Diesel,15330,₦820,"₦12,570,600",March,3,1,,
03/03/2025,Iwaya,Lubricant,Night,Mr John,Monday,LPG (kg),1889,₦850,"₦1,605,650",March,3,1,,
04/03/2025,Maryland,Lubricant,Night,Miss Ada,Tuesday,AGO,12223,₦750,"₦9,167,250",March,3,1,,
04/03/2025,Maryland,Lubricant,Night,Miss Ada,Tuesday,PMS,23134,₦650,"₦15,037,100",March,3,1,,
04/03/2025,Maryland,Lubricant,Night,Miss Ada,Tuesday,Lubricant,946,"₦2,000","₦1,892,000",March,3,1,,
04/03/2025,Maryland,Lubricant,Night,Miss Ada,Tuesday,Diesel,16595,₦820,"₦13,607,900",March,3,1,,
04/03/2025,Maryland,Lubricant,Night,Miss Ada,Tuesday,LPG (kg),2267,₦850,"₦1,926,950",March,3,1,,
05/03/2025,Idimu,Lubricant,Afternoon,Mr Tunde,Wednesday,AGO,5586,₦750,"₦4,189,500",March,3,1,,
05/03/2025,Idimu,Lubricant,Afternoon,Mr Tunde,Wednesday,PMS,27406,₦650,"₦17,813,900",March,3,1,,
05/03/2025,Idimu,Lubricant,Afternoon,Mr Tunde,Wednesday,Lubricant,595,"₦2,000","₦1,190,000",March,3,1,,
05/03/2025,Idimu,Lubricant,Afternoon,Mr Tunde,Wednesday,Diesel,8004,₦820,"₦6,563,280",March,3,1,,
05/03/2025,Idimu,Lubricant,Afternoon,Mr Tunde,Wednesday,LPG (kg),2802,₦850,"₦2,381,700",March,3,1,,
06/03/2025,Iwaya,Lubricant,Night,Miss Ada,Thursday,AGO,6444,₦750,"₦4,833,000",March,3,1,,
06/03/2025,Iwaya,Lubricant,Night,Miss Ada,Thursday,PMS,23553,₦650,"₦15,309,450",March,3,1,,
06/03/2025,Iwaya,Lubricant,Night,Miss Ada,Thursday,Lubricant,552,"₦2,000","₦1,104,000",March,3,1,,
06/03/2025,Iwaya,Lubricant,Night,Miss Ada,Thursday,Diesel,8482,₦820,"₦6,955,240",March,3,1,,
06/03/2025,Iwaya,Lubricant,Night,Miss Ada,Thursday,LPG (kg),1123,₦850,"₦954,550",March,3,1,,
07/03/2025,Maryland,Cooking Gas,Night,Miss Ada,Friday,AGO,13456,₦750,"₦10,092,000",March,3,1,,
07/03/2025,Maryland,Cooking Gas,Night,Miss Ada,Friday,PMS,15477,₦650,"₦10,060,050",March,3,1,,
07/03/2025,Maryland,Cooking Gas,Night,Miss Ada,Friday,Lubricant,651,"₦2,000","₦1,302,000",March,3,1,,
07/03/2025,Maryland,Cooking Gas,Night,Miss Ada,Friday,Diesel,11840,₦820,"₦9,708,800",March,3,1,,
07/03/2025,Maryland,Cooking Gas,Night,Miss Ada,Friday,LPG (kg),1768,₦850,"₦1,502,800",March,3,1,,
08/03/2025,Idimu,Automotive Fuel,Night,Mr Tunde,Saturday,AGO,12007,₦750,"₦9,005,250",March,3,1,,
08/03/2025,Idimu,Automotive Fuel,Night,Mr Tunde,Saturday,PMS,23294,₦650,"₦15,141,100",March,3,1,,
08/03/2025,Idimu,Automotive Fuel,Night,Mr Tunde,Saturday,Lubricant,698,"₦2,000","₦1,396,000",March,3,1,,
08/03/2025,Idimu,Automotive Fuel,Night,Mr Tunde,Saturday,Diesel,18663,₦820,"₦15,303,660",March,3,1,,
08/03/2025,Idimu,Automotive Fuel,Night,Mr Tunde,Saturday,LPG (kg),1191,₦850,"₦1,012,350",March,3,1,,
09/03/2025,Iwaya,Automotive Fuel,Morning,Mrs Chika,Sunday,AGO,7596,₦750,"₦5,697,000",March,3,1,,
09/03/2025,Iwaya,Automotive Fuel,Morning,Mrs Chika,Sunday,PMS,27478,₦650,"₦17,860,700",March,3,1,,
09/03/2025,Iwaya,Automotive Fuel,Morning,Mrs Chika,Sunday,Lubricant,589,"₦2,000","₦1,178,000",March,3,1,,
09/03/2025,Iwaya,Automotive Fuel,Morning,Mrs Chika,Sunday,Diesel,19120,₦820,"₦15,678,400",March,3,1,,
09/03/2025,Iwaya,Automotive Fuel,Morning,Mrs Chika,Sunday,LPG (kg),1417,₦850,"₦1,204,450",March,3,1,,
10/03/2025,Maryland,Automotive Fuel,Afternoon,Mr John,Monday,AGO,8609,₦750,"₦6,456,750",March,3,1,,
10/03/2025,Maryland,Automotive Fuel,Afternoon,Mr John,Monday,PMS,22850,₦650,"₦14,852,500",March,3,1,,
10/03/2025,Maryland,Automotive Fuel,Afternoon,Mr John,Monday,Lubricant,944,"₦2,000","₦1,888,000",March,3,1,,
10/03/2025,Maryland,Automotive Fuel,Afternoon,Mr John,Monday,Diesel,8407,₦820,"₦6,893,740",March,3,1,,
10/03/2025,Maryland,Automotive Fuel,Afternoon,Mr John,Monday,LPG (kg),2105,₦850,"₦1,789,250",March,3,1,,
11/03/2025,Idimu,Lubricant,Night,Mr John,Tuesday,AGO,8072,₦750,"₦6,054,000",March,3,1,,
11/03/2025,Idimu,Lubricant,Night,Mr John,Tuesday,PMS,14595,₦650,"₦9,486,750",March,3,1,,
11/03/2025,Idimu,Lubricant,Night,Mr John,Tuesday,Lubricant,930,"₦2,000","₦1,860,000",March,3,1,,
11/03/2025,Idimu,Lubricant,Night,Mr John,Tuesday,Diesel,9234,₦820,"₦7,571,880",March,3,1,,
11/03/2025,Idimu,Lubricant,Night,Mr John,Tuesday,LPG (kg),2498,₦850,"₦2,123,300",March,3,1,,
12/03/2025,Iwaya,Lubricant,Afternoon,Mr John,Wednesday,AGO,12058,₦750,"₦9,043,500",March,3,1,,
12/03/2025,Iwaya,Lubricant,Afternoon,Mr John,Wednesday,PMS,12480,₦650,"₦8,112,000",March,3,1,,
12/03/2025,Iwaya,Lubricant,Afternoon,Mr John,Wednesday,Lubricant,1137,"₦2,000","₦2,274,000",March,3,1,,
12/03/2025,Iwaya,Lubricant,Afternoon,Mr John,Wednesday,Diesel,13919,₦820,"₦11,413,580",March,3,1,,
12/03/2025,Iwaya,Lubricant,Afternoon,Mr John,Wednesday,LPG (kg),2495,₦850,"₦2,120,750",March,3,1,,
13/03/2025,Maryland,Automotive Fuel,Afternoon,Mr Tunde,Thursday,AGO,8916,₦750,"₦6,687,000",March,3,1,,
13/03/2025,Maryland,Automotive Fuel,Afternoon,Mr Tunde,Thursday,PMS,28336,₦650,"₦18,418,400",March,3,1,,
13/03/2025,Maryland,Automotive Fuel,Afternoon,Mr Tunde,Thursday,Lubricant,751,"₦2,000","₦1,502,000",March,3,1,,
13/03/2025,Maryland,Automotive Fuel,Afternoon,Mr Tunde,Thursday,Diesel,15712,₦820,"₦12,883,840",March,3,1,,
13/03/2025,Maryland,Automotive Fuel,Afternoon,Mr Tunde,Thursday,LPG (kg),2779,₦850,"₦2,362,150",March,3,1,,
14/03/2025,Idimu,Lubricant,Afternoon,Mrs Chika,Friday,AGO,10597,₦750,"₦7,947,750",March,3,1,,
14/03/2025,Idimu,Lubricant,Afternoon,Mrs Chika,Friday,PMS,19093,₦650,"₦12,410,450",March,3,1,,
14/03/2025,Idimu,Lubricant,Afternoon,Mrs Chika,Friday,Lubricant,722,"₦2,000","₦1,444,000",March,3,1,,
14/03/2025,Idimu,Lubricant,Afternoon,Mrs Chika,Friday,Diesel,15093,₦820,"₦12,376,260",March,3,1,,
14/03/2025,Idimu,Lubricant,Afternoon,Mrs Chika,Friday,LPG (kg),1586,₦850,"₦1,348,100",March,3,1,,
15/03/2025,Iwaya,Cooking Gas,Morning,Mrs Chika,Saturday,AGO,13225,₦750,"₦9,918,750",March,3,1,,
15/03/2025,Iwaya,Cooking Gas,Morning,Mrs Chika,Saturday,PMS,17071,₦650,"₦11,096,150",March,3,1,,
15/03/2025,Iwaya,Cooking Gas,Morning,Mrs Chika,Saturday,Lubricant,760,"₦2,000","₦1,520,000",March,3,1,,
15/03/2025,Iwaya,Cooking Gas,Morning,Mrs Chika,Saturday,Diesel,9285,₦820,"₦7,613,700",March,3,1,,
15/03/2025,Iwaya,Cooking Gas,Morning,Mrs Chika,Saturday,LPG (kg),1445,₦850,"₦1,228,250",March,3,1,,
16/03/2025,Maryland,Lubricant,Afternoon,Mr John,Sunday,AGO,11250,₦750,"₦8,437,500",March,3,1,,
16/03/2025,Maryland,Lubricant,Afternoon,Mr John,Sunday,PMS,18475,₦650,"₦12,008,750",March,3,1,,
16/03/2025,Maryland,Lubricant,Afternoon,Mr John,Sunday,Lubricant,523,"₦2,000","₦1,046,000",March,3,1,,
16/03/2025,Maryland,Lubricant,Afternoon,Mr John,Sunday,Diesel,17617,₦820,"₦14,445,940",March,3,1,,
16/03/2025,Maryland,Lubricant,Afternoon,Mr John,Sunday,LPG (kg),2963,₦850,"₦2,518,550",March,3,1,,
17/03/2025,Idimu,Cooking Gas,Morning,Mr Tunde,Monday,AGO,13855,₦750,"₦10,391,250",March,3,1,,
17/03/2025,Idimu,Cooking Gas,Morning,Mr Tunde,Monday,PMS,23897,₦650,"₦15,533,050",March,3,1,,
17/03/2025,Idimu,Cooking Gas,Morning,Mr Tunde,Monday,Lubricant,582,"₦2,000","₦1,164,000",March,3,1,,
17/03/2025,Idimu,Cooking Gas,Morning,Mr Tunde,Monday,Diesel,13686,₦820,"₦11,222,520",March,3,1,,
17/03/2025,Idimu,Cooking Gas,Morning,Mr Tunde,Monday,LPG (kg),1785,₦850,"₦1,517,250",March,3,1,,
18/03/2025,Iwaya,Cooking Gas,Afternoon,Miss Ada,Tuesday,AGO,13376,₦750,"₦10,032,000",March,3,1,,
18/03/2025,Iwaya,Cooking Gas,Afternoon,Miss Ada,Tuesday,PMS,28557,₦650,"₦18,562,050",March,3,1,,
18/03/2025,Iwaya,Cooking Gas,Afternoon,Miss Ada,Tuesday,Lubricant,842,"₦2,000","₦1,684,000",March,3,1,,
18/03/2025,Iwaya,Cooking Gas,Afternoon,Miss Ada,Tuesday,Diesel,15362,₦820,"₦12,596,840",March,3,1,,
18/03/2025,Iwaya,Cooking Gas,Afternoon,Miss Ada,Tuesday,LPG (kg),2711,₦850,"₦2,304,350",March,3,1,,
19/03/2025,Maryland,Cooking Gas,Morning,Mr Tunde,Wednesday,AGO,10988,₦750,"₦8,241,000",March,3,1,,
19/03/2025,Maryland,Cooking Gas,Morning,Mr Tunde,Wednesday,PMS,13443,₦650,"₦8,737,950",March,3,1,,
19/03/2025,Maryland,Cooking Gas,Morning,Mr Tunde,Wednesday,Lubricant,519,"₦2,000","₦1,038,000",March,3,1,,
19/03/2025,Maryland,Cooking Gas,Morning,Mr Tunde,Wednesday,Diesel,13447,₦820,"₦11,026,540",March,3,1,,
19/03/2025,Maryland,Cooking Gas,Morning,Mr Tunde,Wednesday,LPG (kg),2966,₦850,"₦2,521,100",March,3,1,,
20/03/2025,Idimu,Lubricant,Morning,Mr Tunde,Thursday,AGO,9689,₦750,"₦7,266,750",March,3,1,,
20/03/2025,Idimu,Lubricant,Morning,Mr Tunde,Thursday,PMS,14666,₦650,"₦9,532,900",March,3,1,,
20/03/2025,Idimu,Lubricant,Morning,Mr Tunde,Thursday,Lubricant,1449,"₦2,000","₦2,898,000",March,3,1,,
20/03/2025,Idimu,Lubricant,Morning,Mr Tunde,Thursday,Diesel,9141,₦820,"₦7,495,620",March,3,1,,
20/03/2025,Idimu,Lubricant,Morning,Mr Tunde,Thursday,LPG (kg),1888,₦850,"₦1,604,800",March,3,1,,
21/03/2025,Iwaya,Cooking Gas,Morning,Mrs Chika,Friday,AGO,8012,₦750,"₦6,009,000",March,3,1,,
21/03/2025,Iwaya,Cooking Gas,Morning,Mrs Chika,Friday,PMS,20677,₦650,"₦13,440,050",March,3,1,,
21/03/2025,Iwaya,Cooking Gas,Morning,Mrs Chika,Friday,Lubricant,1385,"₦2,000","₦2,770,000",March,3,1,,
21/03/2025,Iwaya,Cooking Gas,Morning,Mrs Chika,Friday,Diesel,19624,₦820,"₦16,091,680",March,3,1,,
21/03/2025,Iwaya,Cooking Gas,Morning,Mrs Chika,Friday,LPG (kg),2754,₦850,"₦2,340,900",March,3,1,,
22/03/2025,Maryland,Cooking Gas,Night,Miss Ada,Saturday,AGO,9848,₦750,"₦7,386,000",March,3,1,,
22/03/2025,Maryland,Cooking Gas,Night,Miss Ada,Saturday,PMS,15310,₦650,"₦9,951,500",March,3,1,,
22/03/2025,Maryland,Cooking Gas,Night,Miss Ada,Saturday,Lubricant,1324,"₦2,000","₦2,648,000",March,3,1,,
22/03/2025,Maryland,Cooking Gas,Night,Miss Ada,Saturday,Diesel,10046,₦820,"₦8,237,720",March,3,1,,
22/03/2025,Maryland,Cooking Gas,Night,Miss Ada,Saturday,LPG (kg),1082,₦850,"₦919,700",March,3,1,,
23/03/2025,Idimu,Automotive Fuel,Afternoon,Miss Ada,Sunday,AGO,6352,₦750,"₦4,764,000",March,3,1,,
23/03/2025,Idimu,Automotive Fuel,Afternoon,Miss Ada,Sunday,PMS,11946,₦650,"₦7,764,900",March,3,1,,
23/03/2025,Idimu,Automotive Fuel,Afternoon,Miss Ada,Sunday,Lubricant,770,"₦2,000","₦1,540,000",March,3,1,,
23/03/2025,Idimu,Automotive Fuel,Afternoon,Miss Ada,Sunday,Diesel,19276,₦820,"₦15,806,320",March,3,1,,
23/03/2025,Idimu,Automotive Fuel,Afternoon,Miss Ada,Sunday,LPG (kg),1319,₦850,"₦1,121,150",March,3,1,,
24/03/2025,Iwaya,Lubricant,Night,Miss Ada,Monday,AGO,9141,₦750,"₦6,855,750",March,3,1,,
24/03/2025,Iwaya,Lubricant,Night,Miss Ada,Monday,PMS,27775,₦650,"₦18,053,750",March,3,1,,
24/03/2025,Iwaya,Lubricant,Night,Miss Ada,Monday,Lubricant,1043,"₦2,000","₦2,086,000",March,3,1,,
24/03/2025,Iwaya,Lubricant,Night,Miss Ada,Monday,Diesel,19904,₦820,"₦16,321,280",March,3,1,,
24/03/2025,Iwaya,Lubricant,Night,Miss Ada,Monday,LPG (kg),2854,₦850,"₦2,425,900",March,3,1,,
25/03/2025,Maryland,Automotive Fuel,Night,Miss Ada,Tuesday,AGO,14497,₦750,"₦10,872,750",March,3,1,,
25/03/2025,Maryland,Automotive Fuel,Night,Miss Ada,Tuesday,PMS,18454,₦650,"₦11,995,100",March,3,1,,
25/03/2025,Maryland,Automotive Fuel,Night,Miss Ada,Tuesday,Lubricant,694,"₦2,000","₦1,388,000",March,3,1,,
25/03/2025,Maryland,Automotive Fuel,Night,Miss Ada,Tuesday,Diesel,19406,₦820,"₦15,912,920",March,3,1,,
25/03/2025,Maryland,Automotive Fuel,Night,Miss Ada,Tuesday,LPG (kg),1320,₦850,"₦1,122,000",March,3,1,,
26/03/2025,Idimu,Lubricant,Morning,Mr John,Wednesday,AGO,13954,₦750,"₦10,465,500",March,3,1,,
26/03/2025,Idimu,Lubricant,Morning,Mr John,Wednesday,PMS,25040,₦650,"₦16,276,000",March,3,1,,
26/03/2025,Idimu,Lubricant,Morning,Mr John,Wednesday,Lubricant,710,"₦2,000","₦1,420,000",March,3,1,,
26/03/2025,Idimu,Lubricant,Morning,Mr John,Wednesday,Diesel,9173,₦820,"₦7,521,860",March,3,1,,
26/03/2025,Idimu,Lubricant,Morning,Mr John,Wednesday,LPG (kg),2661,₦850,"₦2,261,850",March,3,1,,
27/03/2025,Iwaya,Cooking Gas,Night,Mr John,Thursday,AGO,13870,₦750,"₦10,402,500",March,3,1,,
27/03/2025,Iwaya,Cooking Gas,Night,Mr John,Thursday,PMS,29055,₦650,"₦18,885,750",March,3,1,,
27/03/2025,Iwaya,Cooking Gas,Night,Mr John,Thursday,Lubricant,600,"₦2,000","₦1,200,000",March,3,1,,
27/03/2025,Iwaya,Cooking Gas,Night,Mr John,Thursday,Diesel,12208,₦820,"₦10,010,560",March,3,1,,
27/03/2025,Iwaya,Cooking Gas,Night,Mr John,Thursday,LPG (kg),1884,₦850,"₦1,601,400",March,3,1,,
28/03/2025,Maryland,Lubricant,Morning,Miss Ada,Friday,AGO,10686,₦750,"₦8,014,500",March,3,1,,
28/03/2025,Maryland,Lubricant,Morning,Miss Ada,Friday,PMS,20427,₦650,"₦13,277,550",March,3,1,,
28/03/2025,Maryland,Lubricant,Morning,Miss Ada,Friday,Lubricant,659,"₦2,000","₦1,318,000",March,3,1,,
28/03/2025,Maryland,Lubricant,Morning,Miss Ada,Friday,Diesel,8038,₦820,"₦6,591,160",March,3,1,,
28/03/2025,Maryland,Lubricant,Morning,Miss Ada,Friday,LPG (kg),2597,₦850,"₦2,207,450",March,3,1,,
29/03/2025,Idimu,Cooking Gas,Afternoon,Mr John,Saturday,AGO,6783,₦750,"₦5,087,250",March,3,1,,
29/03/2025,Idimu,Cooking Gas,Afternoon,Mr John,Saturday,PMS,22937,₦650,"₦14,909,050",March,3,1,,
29/03/2025,Idimu,Cooking Gas,Afternoon,Mr John,Saturday,Lubricant,1461,"₦2,000","₦2,922,000",March,3,1,,
29/03/2025,Idimu,Cooking Gas,Afternoon,Mr John,Saturday,Diesel,16701,₦820,"₦13,694,820",March,3,1,,
29/03/2025,Idimu,Cooking Gas,Afternoon,Mr John,Saturday,LPG (kg),2183,₦850,"₦1,855,550",March,3,1,,
30/03/2025,Iwaya,Lubricant,Afternoon,Mr John,Sunday,AGO,12073,₦750,"₦9,054,750",March,3,1,,
30/03/2025,Iwaya,Lubricant,Afternoon,Mr John,Sunday,PMS,15571,₦650,"₦10,121,150",March,3,1,,
30/03/2025,Iwaya,Lubricant,Afternoon,Mr John,Sunday,Lubricant,913,"₦2,000","₦1,826,000",March,3,1,,
30/03/2025,Iwaya,Lubricant,Afternoon,Mr John,Sunday,Diesel,17507,₦820,"₦14,355,740",March,3,1,,
30/03/2025,Iwaya,Lubricant,Afternoon,Mr John,Sunday,LPG (kg),2000,₦850,"₦1,700,000",March,3,1,,
31/03/2025,Maryland,Cooking Gas,Night,Miss Ada,Monday,AGO,12413,₦750,"₦9,309,750",March,3,1,,
31/03/2025,Maryland,Cooking Gas,Night,Miss Ada,Monday,PMS,27825,₦650,"₦18,086,250",March,3,1,,
31/03/2025,Maryland,Cooking Gas,Night,Miss Ada,Monday,Lubricant,1173,"₦2,000","₦2,346,000",March,3,1,,
31/03/2025,Maryland,Cooking Gas,Night,Miss Ada,Monday,Diesel,11653,₦820,"₦9,555,460",March,3,1,,
31/03/2025,Maryland,Cooking Gas,Night,Miss Ada,Monday,LPG (kg),2488,₦850,"₦2,114,800",March,3,1,,
01/01/2025,Idimu,Cooking Gas,Morning,Mr John,Wednesday,AGO,11963,₦750,"₦8,972,250",January,1,1,,
01/01/2025,Idimu,Cooking Gas,Morning,Mr John,Wednesday,PMS,15312,₦650,"₦9,952,800",January,1,1,,
01/01/2025,Idimu,Cooking Gas,Morning,Mr John,Wednesday,Lubricant,1479,"₦2,000","₦2,958,000",January,1,1,,
01/01/2025,Idimu,Cooking Gas,Morning,Mr John,Wednesday,Diesel,17937,₦820,"₦14,708,340",January,1,1,,
01/01/2025,Idimu,Cooking Gas,Morning,Mr John,Wednesday,LPG (kg),2874,₦850,"₦2,442,900",January,1,1,,
02/01/2025,Iwaya,Cooking Gas,Afternoon,Mr Tunde,Thursday,AGO,14330,₦750,"₦10,747,500",January,1,1,,
02/01/2025,Iwaya,Cooking Gas,Afternoon,Mr Tunde,Thursday,PMS,13624,₦650,"₦8,855,600",January,1,1,,
02/01/2025,Iwaya,Cooking Gas,Afternoon,Mr Tunde,Thursday,Lubricant,1012,"₦2,000","₦2,024,000",January,1,1,,
02/01/2025,Iwaya,Cooking Gas,Afternoon,Mr Tunde,Thursday,Diesel,19825,₦820,"₦16,256,500",January,1,1,,
02/01/2025,Iwaya,Cooking Gas,Afternoon,Mr Tunde,Thursday,LPG (kg),2683,₦850,"₦2,280,550",January,1,1,,
03/01/2025,Maryland,Lubricant,Afternoon,Mr Tunde,Friday,AGO,14799,₦750,"₦11,099,250",January,1,1,,
03/01/2025,Maryland,Lubricant,Afternoon,Mr Tunde,Friday,PMS,24510,₦650,"₦15,931,500",January,1,1,,
03/01/2025,Maryland,Lubricant,Afternoon,Mr Tunde,Friday,Lubricant,741,"₦2,000","₦1,482,000",January,1,1,,
03/01/2025,Maryland,Lubricant,Afternoon,Mr Tunde,Friday,Diesel,9810,₦820,"₦8,044,200",January,1,1,,
03/01/2025,Maryland,Lubricant,Afternoon,Mr Tunde,Friday,LPG (kg),2513,₦850,"₦2,136,050",January,1,1,,
04/01/2025,Idimu,Automotive Fuel,Night,Miss Ada,Saturday,AGO,6935,₦750,"₦5,201,250",January,1,1,,
04/01/2025,Idimu,Automotive Fuel,Night,Miss Ada,Saturday,PMS,12114,₦650,"₦7,874,100",January,1,1,,
04/01/2025,Idimu,Automotive Fuel,Night,Miss Ada,Saturday,Lubricant,1109,"₦2,000","₦2,218,000",January,1,1,,
04/01/2025,Idimu,Automotive Fuel,Night,Miss Ada,Saturday,Diesel,8362,₦820,"₦6,856,840",January,1,1,,
04/01/2025,Idimu,Automotive Fuel,Night,Miss Ada,Saturday,LPG (kg),1593,₦850,"₦1,354,050",January,1,1,,
05/01/2025,Iwaya,Lubricant,Afternoon,Mr Tunde,Sunday,AGO,7553,₦750,"₦5,664,750",January,1,1,,
05/01/2025,Iwaya,Lubricant,Afternoon,Mr Tunde,Sunday,PMS,18868,₦650,"₦12,264,200",January,1,1,,
05/01/2025,Iwaya,Lubricant,Afternoon,Mr Tunde,Sunday,Lubricant,1165,"₦2,000","₦2,330,000",January,1,1,,
05/01/2025,Iwaya,Lubricant,Afternoon,Mr Tunde,Sunday,Diesel,18606,₦820,"₦15,256,920",January,1,1,,
05/01/2025,Iwaya,Lubricant,Afternoon,Mr Tunde,Sunday,LPG (kg),2749,₦850,"₦2,336,650",January,1,1,,
06/01/2025,Maryland,Cooking Gas,Morning,Mr John,Monday,AGO,9342,₦750,"₦7,006,500",January,1,1,,
06/01/2025,Maryland,Cooking Gas,Morning,Mr John,Monday,PMS,20393,₦650,"₦13,255,450",January,1,1,,
06/01/2025,Maryland,Cooking Gas,Morning,Mr John,Monday,Lubricant,1267,"₦2,000","₦2,534,000",January,1,1,,
06/01/2025,Maryland,Cooking Gas,Morning,Mr John,Monday,Diesel,16681,₦820,"₦13,678,420",January,1,1,,
06/01/2025,Maryland,Cooking Gas,Morning,Mr John,Monday,LPG (kg),2278,₦850,"₦1,936,300",January,1,1,,
07/01/2025,Idimu,Lubricant,Morning,Mr Tunde,Tuesday,AGO,10309,₦750,"₦7,731,750",January,1,1,,
07/01/2025,Idimu,Lubricant,Morning,Mr Tunde,Tuesday,PMS,16396,₦650,"₦10,657,400",January,1,1,,
07/01/2025,Idimu,Lubricant,Morning,Mr Tunde,Tuesday,Lubricant,912,"₦2,000","₦1,824,000",January,1,1,,
07/01/2025,Idimu,Lubricant,Morning,Mr Tunde,Tuesday,Diesel,8888,₦820,"₦7,288,160",January,1,1,,
07/01/2025,Idimu,Lubricant,Morning,Mr Tunde,Tuesday,LPG (kg),2104,₦850,"₦1,788,400",January,1,1,,
08/01/2025,Iwaya,Lubricant,Night,Miss Ada,Wednesday,AGO,10621,₦750,"₦7,965,750",January,1,1,,
08/01/2025,Iwaya,Lubricant,Night,Miss Ada,Wednesday,PMS,21401,₦650,"₦13,910,650",January,1,1,,
08/01/2025,Iwaya,Lubricant,Night,Miss Ada,Wednesday,Lubricant,1330,"₦2,000","₦2,660,000",January,1,1,,
08/01/2025,Iwaya,Lubricant,Night,Miss Ada,Wednesday,Diesel,10711,₦820,"₦8,783,020",January,1,1,,
08/01/2025,Iwaya,Lubricant,Night,Miss Ada,Wednesday,LPG (kg),1197,₦850,"₦1,017,450",January,1,1,,
09/01/2025,Maryland,Lubricant,Afternoon,Mr John,Thursday,AGO,7018,₦750,"₦5,263,500",January,1,1,,
09/01/2025,Maryland,Lubricant,Afternoon,Mr John,Thursday,PMS,25283,₦650,"₦16,433,950",January,1,1,,
09/01/2025,Maryland,Lubricant,Afternoon,Mr John,Thursday,Lubricant,1261,"₦2,000","₦2,522,000",January,1,1,,
09/01/2025,Maryland,Lubricant,Afternoon,Mr John,Thursday,Diesel,8703,₦820,"₦7,136,460",January,1,1,,
09/01/2025,Maryland,Lubricant,Afternoon,Mr John,Thursday,LPG (kg),2383,₦850,"₦2,025,550",January,1,1,,
10/01/2025,Idimu,Lubricant,Night,Mr John,Friday,AGO,11012,₦750,"₦8,259,000",January,1,1,,
10/01/2025,Idimu,Lubricant,Night,Mr John,Friday,PMS,23298,₦650,"₦15,143,700",January,1,1,,
10/01/2025,Idimu,Lubricant,Night,Mr John,Friday,Lubricant,1330,"₦2,000","₦2,660,000",January,1,1,,
10/01/2025,Idimu,Lubricant,Night,Mr John,Friday,Diesel,16892,₦820,"₦13,851,440",January,1,1,,
10/01/2025,Idimu,Lubricant,Night,Mr John,Friday,LPG (kg),2278,₦850,"₦1,936,300",January,1,1,,
11/01/2025,Iwaya,Automotive Fuel,Afternoon,Mr Tunde,Saturday,AGO,13608,₦750,"₦10,206,000",January,1,1,,
11/01/2025,Iwaya,Automotive Fuel,Afternoon,Mr Tunde,Saturday,PMS,26542,₦650,"₦17,252,300",January,1,1,,
11/01/2025,Iwaya,Automotive Fuel,Afternoon,Mr Tunde,Saturday,Lubricant,1228,"₦2,000","₦2,456,000",January,1,1,,
11/01/2025,Iwaya,Automotive Fuel,Afternoon,Mr Tunde,Saturday,Diesel,10665,₦820,"₦8,745,300",January,1,1,,
11/01/2025,Iwaya,Automotive Fuel,Afternoon,Mr Tunde,Saturday,LPG (kg),2567,₦850,"₦2,181,950",January,1,1,,
12/01/2025,Maryland,Cooking Gas,Night,Mr John,Sunday,AGO,13099,₦750,"₦9,824,250",January,1,1,,
12/01/2025,Maryland,Cooking Gas,Night,Mr John,Sunday,PMS,11319,₦650,"₦7,357,350",January,1,1,,
12/01/2025,Maryland,Cooking Gas,Night,Mr John,Sunday,Lubricant,1287,"₦2,000","₦2,574,000",January,1,1,,
12/01/2025,Maryland,Cooking Gas,Night,Mr John,Sunday,Diesel,16818,₦820,"₦13,790,760",January,1,1,,
12/01/2025,Maryland,Cooking Gas,Night,Mr John,Sunday,LPG (kg),1787,₦850,"₦1,518,950",January,1,1,,
13/01/2025,Idimu,Cooking Gas,Night,Mrs Chika,Monday,AGO,9896,₦750,"₦7,422,000",January,1,1,,
13/01/2025,Idimu,Cooking Gas,Night,Mrs Chika,Monday,PMS,21316,₦650,"₦13,855,400",January,1,1,,
13/01/2025,Idimu,Cooking Gas,Night,Mrs Chika,Monday,Lubricant,521,"₦2,000","₦1,042,000",January,1,1,,
13/01/2025,Idimu,Cooking Gas,Night,Mrs Chika,Monday,Diesel,16234,₦820,"₦13,311,880",January,1,1,,
13/01/2025,Idimu,Cooking Gas,Night,Mrs Chika,Monday,LPG (kg),1839,₦850,"₦1,563,150",January,1,1,,
14/01/2025,Iwaya,Lubricant,Night,Mrs Chika,Tuesday,AGO,8241,₦750,"₦6,180,750",January,1,1,,
14/01/2025,Iwaya,Lubricant,Night,Mrs Chika,Tuesday,PMS,26339,₦650,"₦17,120,350",January,1,1,,
14/01/2025,Iwaya,Lubricant,Night,Mrs Chika,Tuesday,Lubricant,734,"₦2,000","₦1,468,000",January,1,1,,
14/01/2025,Iwaya,Lubricant,Night,Mrs Chika,Tuesday,Diesel,16303,₦820,"₦13,368,460",January,1,1,,
14/01/2025,Iwaya,Lubricant,Night,Mrs Chika,Tuesday,LPG (kg),1497,₦850,"₦1,272,450",January,1,1,,
15/01/2025,Maryland,Lubricant,Morning,Mrs Chika,Wednesday,AGO,10455,₦750,"₦7,841,250",January,1,1,,
15/01/2025,Maryland,Lubricant,Morning,Mrs Chika,Wednesday,PMS,19595,₦650,"₦12,736,750",January,1,1,,
15/01/2025,Maryland,Lubricant,Morning,Mrs Chika,Wednesday,Lubricant,1203,"₦2,000","₦2,406,000",January,1,1,,
15/01/2025,Maryland,Lubricant,Morning,Mrs Chika,Wednesday,Diesel,17842,₦820,"₦14,630,440",January,1,1,,
15/01/2025,Maryland,Lubricant,Morning,Mrs Chika,Wednesday,LPG (kg),1416,₦850,"₦1,203,600",January,1,1,,
16/01/2025,Idimu,Automotive Fuel,Morning,Mr John,Thursday,AGO,12836,₦750,"₦9,627,000",January,1,1,,
16/01/2025,Idimu,Automotive Fuel,Morning,Mr John,Thursday,PMS,17980,₦650,"₦11,687,000",January,1,1,,
16/01/2025,Idimu,Automotive Fuel,Morning,Mr John,Thursday,Lubricant,1423,"₦2,000","₦2,846,000",January,1,1,,
16/01/2025,Idimu,Automotive Fuel,Morning,Mr John,Thursday,Diesel,16622,₦820,"₦13,630,040",January,1,1,,
16/01/2025,Idimu,Automotive Fuel,Morning,Mr John,Thursday,LPG (kg),2678,₦850,"₦2,276,300",January,1,1,,
17/01/2025,Iwaya,Cooking Gas,Morning,Mrs Chika,Friday,AGO,8552,₦750,"₦6,414,000",January,1,1,,
17/01/2025,Iwaya,Cooking Gas,Morning,Mrs Chika,Friday,PMS,18631,₦650,"₦12,110,150",January,1,1,,
17/01/2025,Iwaya,Cooking Gas,Morning,Mrs Chika,Friday,Lubricant,924,"₦2,000","₦1,848,000",January,1,1,,
17/01/2025,Iwaya,Cooking Gas,Morning,Mrs Chika,Friday,Diesel,16678,₦820,"₦13,675,960",January,1,1,,
17/01/2025,Iwaya,Cooking Gas,Morning,Mrs Chika,Friday,LPG (kg),2174,₦850,"₦1,847,900",January,1,1,,
18/01/2025,Maryland,Cooking Gas,Night,Mr John,Saturday,AGO,6630,₦750,"₦4,972,500",January,1,1,,
18/01/2025,Maryland,Cooking Gas,Night,Mr John,Saturday,PMS,11099,₦650,"₦7,214,350",January,1,1,,
18/01/2025,Maryland,Cooking Gas,Night,Mr John,Saturday,Lubricant,1174,"₦2,000","₦2,348,000",January,1,1,,
18/01/2025,Maryland,Cooking Gas,Night,Mr John,Saturday,Diesel,17985,₦820,"₦14,747,700",January,1,1,,
18/01/2025,Maryland,Cooking Gas,Night,Mr John,Saturday,LPG (kg),2140,₦850,"₦1,819,000",January,1,1,,
19/01/2025,Idimu,Cooking Gas,Morning,Mrs Chika,Sunday,AGO,12942,₦750,"₦9,706,500",January,1,1,,
19/01/2025,Idimu,Cooking Gas,Morning,Mrs Chika,Sunday,PMS,20314,₦650,"₦13,204,100",January,1,1,,
19/01/2025,Idimu,Cooking Gas,Morning,Mrs Chika,Sunday,Lubricant,817,"₦2,000","₦1,634,000",January,1,1,,
19/01/2025,Idimu,Cooking Gas,Morning,Mrs Chika,Sunday,Diesel,13487,₦820,"₦11,059,340",January,1,1,,
19/01/2025,Idimu,Cooking Gas,Morning,Mrs Chika,Sunday,LPG (kg),2275,₦850,"₦1,933,750",January,1,1,,
20/01/2025,Iwaya,Lubricant,Afternoon,Mrs Chika,Monday,AGO,14502,₦750,"₦10,876,500",January,1,1,,
20/01/2025,Iwaya,Lubricant,Afternoon,Mrs Chika,Monday,PMS,24333,₦650,"₦15,816,450",January,1,1,,
20/01/2025,Iwaya,Lubricant,Afternoon,Mrs Chika,Monday,Lubricant,1487,"₦2,000","₦2,974,000",January,1,1,,
20/01/2025,Iwaya,Lubricant,Afternoon,Mrs Chika,Monday,Diesel,11816,₦820,"₦9,689,120",January,1,1,,
20/01/2025,Iwaya,Lubricant,Afternoon,Mrs Chika,Monday,LPG (kg),1104,₦850,"₦938,400",January,1,1,,
21/01/2025,Maryland,Automotive Fuel,Afternoon,Mr John,Tuesday,AGO,5799,₦750,"₦4,349,250",January,1,1,,
21/01/2025,Maryland,Automotive Fuel,Afternoon,Mr John,Tuesday,PMS,24167,₦650,"₦15,708,550",January,1,1,,
21/01/2025,Maryland,Automotive Fuel,Afternoon,Mr John,Tuesday,Lubricant,1456,"₦2,000","₦2,912,000",January,1,1,,
21/01/2025,Maryland,Automotive Fuel,Afternoon,Mr John,Tuesday,Diesel,19411,₦820,"₦15,917,020",January,1,1,,
21/01/2025,Maryland,Automotive Fuel,Afternoon,Mr John,Tuesday,LPG (kg),1261,₦850,"₦1,071,850",January,1,1,,
22/01/2025,Idimu,Lubricant,Afternoon,Miss Ada,Wednesday,AGO,12157,₦750,"₦9,117,750",January,1,1,,
22/01/2025,Idimu,Lubricant,Afternoon,Miss Ada,Wednesday,PMS,14364,₦650,"₦9,336,600",January,1,1,,
22/01/2025,Idimu,Lubricant,Afternoon,Miss Ada,Wednesday,Lubricant,637,"₦2,000","₦1,274,000",January,1,1,,
22/01/2025,Idimu,Lubricant,Afternoon,Miss Ada,Wednesday,Diesel,13373,₦820,"₦10,965,860",January,1,1,,
22/01/2025,Idimu,Lubricant,Afternoon,Miss Ada,Wednesday,LPG (kg),1373,₦850,"₦1,167,050",January,1,1,,
23/01/2025,Iwaya,Lubricant,Morning,Miss Ada,Thursday,AGO,14828,₦750,"₦11,121,000",January,1,1,,
23/01/2025,Iwaya,Lubricant,Morning,Miss Ada,Thursday,PMS,29890,₦650,"₦19,428,500",January,1,1,,
23/01/2025,Iwaya,Lubricant,Morning,Miss Ada,Thursday,Lubricant,754,"₦2,000","₦1,508,000",January,1,1,,
23/01/2025,Iwaya,Lubricant,Morning,Miss Ada,Thursday,Diesel,8295,₦820,"₦6,801,900",January,1,1,,
23/01/2025,Iwaya,Lubricant,Morning,Miss Ada,Thursday,LPG (kg),2468,₦850,"₦2,097,800",January,1,1,,
24/01/2025,Maryland,Cooking Gas,Night,Mrs Chika,Friday,AGO,11958,₦750,"₦8,968,500",January,1,1,,
24/01/2025,Maryland,Cooking Gas,Night,Mrs Chika,Friday,PMS,26842,₦650,"₦17,447,300",January,1,1,,
24/01/2025,Maryland,Cooking Gas,Night,Mrs Chika,Friday,Lubricant,574,"₦2,000","₦1,148,000",January,1,1,,
24/01/2025,Maryland,Cooking Gas,Night,Mrs Chika,Friday,Diesel,10779,₦820,"₦8,838,780",January,1,1,,
24/01/2025,Maryland,Cooking Gas,Night,Mrs Chika,Friday,LPG (kg),2778,₦850,"₦2,361,300",January,1,1,,
25/01/2025,Idimu,Automotive Fuel,Morning,Mr Tunde,Saturday,AGO,10119,₦750,"₦7,589,250",January,1,1,,
25/01/2025,Idimu,Automotive Fuel,Morning,Mr Tunde,Saturday,PMS,14699,₦650,"₦9,554,350",January,1,1,,
25/01/2025,Idimu,Automotive Fuel,Morning,Mr Tunde,Saturday,Lubricant,981,"₦2,000","₦1,962,000",January,1,1,,
25/01/2025,Idimu,Automotive Fuel,Morning,Mr Tunde,Saturday,Diesel,13335,₦820,"₦10,934,700",January,1,1,,
25/01/2025,Idimu,Automotive Fuel,Morning,Mr Tunde,Saturday,LPG (kg),1658,₦850,"₦1,409,300",January,1,1,,
26/01/2025,Iwaya,Lubricant,Night,Mr Tunde,Sunday,AGO,10824,₦750,"₦8,118,000",January,1,1,,
26/01/2025,Iwaya,Lubricant,Night,Mr Tunde,Sunday,PMS,15257,₦650,"₦9,917,050",January,1,1,,
26/01/2025,Iwaya,Lubricant,Night,Mr Tunde,Sunday,Lubricant,1061,"₦2,000","₦2,122,000",January,1,1,,
26/01/2025,Iwaya,Lubricant,Night,Mr Tunde,Sunday,Diesel,14004,₦820,"₦11,483,280",January,1,1,,
26/01/2025,Iwaya,Lubricant,Night,Mr Tunde,Sunday,LPG (kg),2466,₦850,"₦2,096,100",January,1,1,,
27/01/2025,Maryland,Lubricant,Night,Mr Tunde,Monday,AGO,11055,₦750,"₦8,291,250",January,1,1,,
27/01/2025,Maryland,Lubricant,Night,Mr Tunde,Monday,PMS,11763,₦650,"₦7,645,950",January,1,1,,
27/01/2025,Maryland,Lubricant,Night,Mr Tunde,Monday,Lubricant,1298,"₦2,000","₦2,596,000",January,1,1,,
27/01/2025,Maryland,Lubricant,Night,Mr Tunde,Monday,Diesel,12169,₦820,"₦9,978,580",January,1,1,,
27/01/2025,Maryland,Lubricant,Night,Mr Tunde,Monday,LPG (kg),1276,₦850,"₦1,084,600",January,1,1,,
28/01/2025,Idimu,Cooking Gas,Night,Mr Tunde,Tuesday,AGO,7563,₦750,"₦5,672,250",January,1,1,,
28/01/2025,Idimu,Cooking Gas,Night,Mr Tunde,Tuesday,PMS,17729,₦650,"₦11,523,850",January,1,1,,
28/01/2025,Idimu,Cooking Gas,Night,Mr Tunde,Tuesday,Lubricant,919,"₦2,000","₦1,838,000",January,1,1,,
28/01/2025,Idimu,Cooking Gas,Night,Mr Tunde,Tuesday,Diesel,11787,₦820,"₦9,665,340",January,1,1,,
28/01/2025,Idimu,Cooking Gas,Night,Mr Tunde,Tuesday,LPG (kg),2279,₦850,"₦1,937,150",January,1,1,,
29/01/2025,Iwaya,Lubricant,Morning,Mr John,Wednesday,AGO,8287,₦750,"₦6,215,250",January,1,1,,
29/01/2025,Iwaya,Lubricant,Morning,Mr John,Wednesday,PMS,13155,₦650,"₦8,550,750",January,1,1,,
29/01/2025,Iwaya,Lubricant,Morning,Mr John,Wednesday,Lubricant,1038,"₦2,000","₦2,076,000",January,1,1,,
29/01/2025,Iwaya,Lubricant,Morning,Mr John,Wednesday,Diesel,11296,₦820,"₦9,262,720",January,1,1,,
29/01/2025,Iwaya,Lubricant,Morning,Mr John,Wednesday,LPG (kg),2977,₦850,"₦2,530,450",January,1,1,,
30/01/2025,Maryland,Cooking Gas,Morning,Mrs Chika,Thursday,AGO,5678,₦750,"₦4,258,500",January,1,1,,
30/01/2025,Maryland,Cooking Gas,Morning,Mrs Chika,Thursday,PMS,10088,₦650,"₦6,557,200",January,1,1,,
30/01/2025,Maryland,Cooking Gas,Morning,Mrs Chika,Thursday,Lubricant,977,"₦2,000","₦1,954,000",January,1,1,,
30/01/2025,Maryland,Cooking Gas,Morning,Mrs Chika,Thursday,Diesel,19187,₦820,"₦15,733,340",January,1,1,,
30/01/2025,Maryland,Cooking Gas,Morning,Mrs Chika,Thursday,LPG (kg),2222,₦850,"₦1,888,700",January,1,1,,
31/01/2025,Idimu,Automotive Fuel,Afternoon,Miss Ada,Friday,AGO,7047,₦750,"₦5,285,250",January,1,1,,
31/01/2025,Idimu,Automotive Fuel,Afternoon,Miss Ada,Friday,PMS,27617,₦650,"₦17,951,050",January,1,1,,
31/01/2025,Idimu,Automotive Fuel,Afternoon,Miss Ada,Friday,Lubricant,668,"₦2,000","₦1,336,000",January,1,1,,
31/01/2025,Idimu,Automotive Fuel,Afternoon,Miss Ada,Friday,Diesel,10363,₦820,"₦8,497,660",January,1,1,,
31/01/2025,Idimu,Automotive Fuel,Afternoon,Miss Ada,Friday,LPG (kg),2994,₦850,"₦2,544,900",January,1,1,,
01/02/2025,Iwaya,Lubricant,Night,Mr Tunde,Saturday,AGO,7545,₦750,"₦5,658,750",February,2,1,,
01/02/2025,Iwaya,Lubricant,Night,Mr Tunde,Saturday,PMS,23783,₦650,"₦15,458,950",February,2,1,,
01/02/2025,Iwaya,Lubricant,Night,Mr Tunde,Saturday,Lubricant,1233,"₦2,000","₦2,466,000",February,2,1,,
01/02/2025,Iwaya,Lubricant,Night,Mr Tunde,Saturday,Diesel,14797,₦820,"₦12,133,540",February,2,1,,
01/02/2025,Iwaya,Lubricant,Night,Mr Tunde,Saturday,LPG (kg),2020,₦850,"₦1,717,000",February,2,1,,
02/02/2025,Maryland,Automotive Fuel,Morning,Miss Ada,Sunday,AGO,14118,₦750,"₦10,588,500",February,2,1,,
02/02/2025,Maryland,Automotive Fuel,Morning,Miss Ada,Sunday,PMS,20402,₦650,"₦13,261,300",February,2,1,,
02/02/2025,Maryland,Automotive Fuel,Morning,Miss Ada,Sunday,Lubricant,1310,"₦2,000","₦2,620,000",February,2,1,,
02/02/2025,Maryland,Automotive Fuel,Morning,Miss Ada,Sunday,Diesel,11652,₦820,"₦9,554,640",February,2,1,,
02/02/2025,Maryland,Automotive Fuel,Morning,Miss Ada,Sunday,LPG (kg),1695,₦850,"₦1,440,750",February,2,1,,
03/02/2025,Idimu,Cooking Gas,Afternoon,Mr Tunde,Monday,AGO,8288,₦750,"₦6,216,000",February,2,1,,
03/02/2025,Idimu,Cooking Gas,Afternoon,Mr Tunde,Monday,PMS,28622,₦650,"₦18,604,300",February,2,1,,
03/02/2025,Idimu,Cooking Gas,Afternoon,Mr Tunde,Monday,Lubricant,585,"₦2,000","₦1,170,000",February,2,1,,
03/02/2025,Idimu,Cooking Gas,Afternoon,Mr Tunde,Monday,Diesel,13435,₦820,"₦11,016,700",February,2,1,,
03/02/2025,Idimu,Cooking Gas,Afternoon,Mr Tunde,Monday,LPG (kg),1243,₦850,"₦1,056,550",February,2,1,,
04/02/2025,Iwaya,Cooking Gas,Morning,Mrs Chika,Tuesday,AGO,7397,₦750,"₦5,547,750",February,2,1,,
04/02/2025,Iwaya,Cooking Gas,Morning,Mrs Chika,Tuesday,PMS,25250,₦650,"₦16,412,500",February,2,1,,
04/02/2025,Iwaya,Cooking Gas,Morning,Mrs Chika,Tuesday,Lubricant,869,"₦2,000","₦1,738,000",February,2,1,,
04/02/2025,Iwaya,Cooking Gas,Morning,Mrs Chika,Tuesday,Diesel,11468,₦820,"₦9,403,760",February,2,1,,
04/02/2025,Iwaya,Cooking Gas,Morning,Mrs Chika,Tuesday,LPG (kg),1331,₦850,"₦1,131,350",February,2,1,,
05/02/2025,Maryland,Lubricant,Night,Mr Tunde,Wednesday,AGO,12105,₦750,"₦9,078,750",February,2,1,,
05/02/2025,Maryland,Lubricant,Night,Mr Tunde,Wednesday,PMS,19889,₦650,"₦12,927,850",February,2,1,,
05/02/2025,Maryland,Lubricant,Night,Mr Tunde,Wednesday,Lubricant,1417,"₦2,000","₦2,834,000",February,2,1,,
05/02/2025,Maryland,Lubricant,Night,Mr Tunde,Wednesday,Diesel,8496,₦820,"₦6,966,720",February,2,1,,
05/02/2025,Maryland,Lubricant,Night,Mr Tunde,Wednesday,LPG (kg),2762,₦850,"₦2,347,700",February,2,1,,
06/02/2025,Idimu,Cooking Gas,Morning,Mr John,Thursday,AGO,8843,₦750,"₦6,632,250",February,2,1,,
06/02/2025,Idimu,Cooking Gas,Morning,Mr John,Thursday,PMS,26943,₦650,"₦17,512,950",February,2,1,,
06/02/2025,Idimu,Cooking Gas,Morning,Mr John,Thursday,Lubricant,957,"₦2,000","₦1,914,000",February,2,1,,
06/02/2025,Idimu,Cooking Gas,Morning,Mr John,Thursday,Diesel,16315,₦820,"₦13,378,300",February,2,1,,
06/02/2025,Idimu,Cooking Gas,Morning,Mr John,Thursday,LPG (kg),1118,₦850,"₦950,300",February,2,1,,
07/02/2025,Iwaya,Automotive Fuel,Afternoon,Mrs Chika,Friday,AGO,11467,₦750,"₦8,600,250",February,2,1,,
07/02/2025,Iwaya,Automotive Fuel,Afternoon,Mrs Chika,Friday,PMS,10924,₦650,"₦7,100,600",February,2,1,,
07/02/2025,Iwaya,Automotive Fuel,Afternoon,Mrs Chika,Friday,Lubricant,1193,"₦2,000","₦2,386,000",February,2,1,,
07/02/2025,Iwaya,Automotive Fuel,Afternoon,Mrs Chika,Friday,Diesel,18177,₦820,"₦14,905,140",February,2,1,,
07/02/2025,Iwaya,Automotive Fuel,Afternoon,Mrs Chika,Friday,LPG (kg),2777,₦850,"₦2,360,450",February,2,1,,
08/02/2025,Maryland,Automotive Fuel,Morning,Mrs Chika,Saturday,AGO,11774,₦750,"₦8,830,500",February,2,1,,
08/02/2025,Maryland,Automotive Fuel,Morning,Mrs Chika,Saturday,PMS,12632,₦650,"₦8,210,800",February,2,1,,
08/02/2025,Maryland,Automotive Fuel,Morning,Mrs Chika,Saturday,Lubricant,505,"₦2,000","₦1,010,000",February,2,1,,
08/02/2025,Maryland,Automotive Fuel,Morning,Mrs Chika,Saturday,Diesel,10240,₦820,"₦8,396,800",February,2,1,,
08/02/2025,Maryland,Automotive Fuel,Morning,Mrs Chika,Saturday,LPG (kg),2203,₦850,"₦1,872,550",February,2,1,,
09/02/2025,Idimu,Cooking Gas,Morning,Mrs Chika,Sunday,AGO,13519,₦750,"₦10,139,250",February,2,1,,
09/02/2025,Idimu,Cooking Gas,Morning,Mrs Chika,Sunday,PMS,28399,₦650,"₦18,459,350",February,2,1,,
09/02/2025,Idimu,Cooking Gas,Morning,Mrs Chika,Sunday,Lubricant,1299,"₦2,000","₦2,598,000",February,2,1,,
09/02/2025,Idimu,Cooking Gas,Morning,Mrs Chika,Sunday,Diesel,19837,₦820,"₦16,266,340",February,2,1,,
09/02/2025,Idimu,Cooking Gas,Morning,Mrs Chika,Sunday,LPG (kg),2700,₦850,"₦2,295,000",February,2,1,,
10/02/2025,Iwaya,Lubricant,Night,Mrs Chika,Monday,AGO,9453,₦750,"₦7,089,750",February,2,1,,
10/02/2025,Iwaya,Lubricant,Night,Mrs Chika,Monday,PMS,28582,₦650,"₦18,578,300",February,2,1,,
10/02/2025,Iwaya,Lubricant,Night,Mrs Chika,Monday,Lubricant,708,"₦2,000","₦1,416,000",February,2,1,,
10/02/2025,Iwaya,Lubricant,Night,Mrs Chika,Monday,Diesel,18544,₦820,"₦15,206,080",February,2,1,,
10/02/2025,Iwaya,Lubricant,Night,Mrs Chika,Monday,LPG (kg),1627,₦850,"₦1,382,950",February,2,1,,
11/02/2025,Maryland,Lubricant,Morning,Miss Ada,Tuesday,AGO,12797,₦750,"₦9,597,750",February,2,1,,
11/02/2025,Maryland,Lubricant,Morning,Miss Ada,Tuesday,PMS,22412,₦650,"₦14,567,800",February,2,1,,
11/02/2025,Maryland,Lubricant,Morning,Miss Ada,Tuesday,Lubricant,1018,"₦2,000","₦2,036,000",February,2,1,,
11/02/2025,Maryland,Lubricant,Morning,Miss Ada,Tuesday,Diesel,18254,₦820,"₦14,968,280",February,2,1,,
11/02/2025,Maryland,Lubricant,Morning,Miss Ada,Tuesday,LPG (kg),2576,₦850,"₦2,189,600",February,2,1,,
12/02/2025,Idimu,Lubricant,Morning,Miss Ada,Wednesday,AGO,11093,₦750,"₦8,319,750",February,2,1,,
12/02/2025,Idimu,Lubricant,Morning,Miss Ada,Wednesday,PMS,10660,₦650,"₦6,929,000",February,2,1,,
12/02/2025,Idimu,Lubricant,Morning,Miss Ada,Wednesday,Lubricant,1187,"₦2,000","₦2,374,000",February,2,1,,
12/02/2025,Idimu,Lubricant,Morning,Miss Ada,Wednesday,Diesel,10523,₦820,"₦8,628,860",February,2,1,,
12/02/2025,Idimu,Lubricant,Morning,Miss Ada,Wednesday,LPG (kg),1576,₦850,"₦1,339,600",February,2,1,,
13/02/2025,Iwaya,Automotive Fuel,Morning,Mr John,Thursday,AGO,12490,₦750,"₦9,367,500",February,2,1,,
13/02/2025,Iwaya,Automotive Fuel,Morning,Mr John,Thursday,PMS,11182,₦650,"₦7,268,300",February,2,1,,
13/02/2025,Iwaya,Automotive Fuel,Morning,Mr John,Thursday,Lubricant,1095,"₦2,000","₦2,190,000",February,2,1,,
13/02/2025,Iwaya,Automotive Fuel,Morning,Mr John,Thursday,Diesel,18252,₦820,"₦14,966,640",February,2,1,,
13/02/2025,Iwaya,Automotive Fuel,Morning,Mr John,Thursday,LPG (kg),1309,₦850,"₦1,112,650",February,2,1,,
14/02/2025,Maryland,Automotive Fuel,Morning,Mrs Chika,Friday,AGO,14491,₦750,"₦10,868,250",February,2,1,,
14/02/2025,Maryland,Automotive Fuel,Morning,Mrs Chika,Friday,PMS,12315,₦650,"₦8,004,750",February,2,1,,
14/02/2025,Maryland,Automotive Fuel,Morning,Mrs Chika,Friday,Lubricant,1355,"₦2,000","₦2,710,000",February,2,1,,
14/02/2025,Maryland,Automotive Fuel,Morning,Mrs Chika,Friday,Diesel,9027,₦820,"₦7,402,140",February,2,1,,
14/02/2025,Maryland,Automotive Fuel,Morning,Mrs Chika,Friday,LPG (kg),2744,₦850,"₦2,332,400",February,2,1,,
15/02/2025,Idimu,Cooking Gas,Morning,Miss Ada,Saturday,AGO,12875,₦750,"₦9,656,250",February,2,1,,
15/02/2025,Idimu,Cooking Gas,Morning,Miss Ada,Saturday,PMS,18664,₦650,"₦12,131,600",February,2,1,,
15/02/2025,Idimu,Cooking Gas,Morning,Miss Ada,Saturday,Lubricant,1248,"₦2,000","₦2,496,000",February,2,1,,
15/02/2025,Idimu,Cooking Gas,Morning,Miss Ada,Saturday,Diesel,9616,₦820,"₦7,885,120",February,2,1,,
15/02/2025,Idimu,Cooking Gas,Morning,Miss Ada,Saturday,LPG (kg),2735,₦850,"₦2,324,750",February,2,1,,
16/02/2025,Iwaya,Automotive Fuel,Morning,Miss Ada,Sunday,AGO,5635,₦750,"₦4,226,250",February,2,1,,
16/02/2025,Iwaya,Automotive Fuel,Morning,Miss Ada,Sunday,PMS,11112,₦650,"₦7,222,800",February,2,1,,
16/02/2025,Iwaya,Automotive Fuel,Morning,Miss Ada,Sunday,Lubricant,1140,"₦2,000","₦2,280,000",February,2,1,,
16/02/2025,Iwaya,Automotive Fuel,Morning,Miss Ada,Sunday,Diesel,12572,₦820,"₦10,309,040",February,2,1,,
16/02/2025,Iwaya,Automotive Fuel,Morning,Miss Ada,Sunday,LPG (kg),2576,₦850,"₦2,189,600",February,2,1,,
17/02/2025,Maryland,Automotive Fuel,Night,Miss Ada,Monday,AGO,6386,₦750,"₦4,789,500",February,2,1,,
17/02/2025,Maryland,Automotive Fuel,Night,Miss Ada,Monday,PMS,16186,₦650,"₦10,520,900",February,2,1,,
17/02/2025,Maryland,Automotive Fuel,Night,Miss Ada,Monday,Lubricant,555,"₦2,000","₦1,110,000",February,2,1,,
17/02/2025,Maryland,Automotive Fuel,Night,Miss Ada,Monday,Diesel,9145,₦820,"₦7,498,900",February,2,1,,
17/02/2025,Maryland,Automotive Fuel,Night,Miss Ada,Monday,LPG (kg),2478,₦850,"₦2,106,300",February,2,1,,
18/02/2025,Idimu,Automotive Fuel,Afternoon,Mr Tunde,Tuesday,AGO,11541,₦750,"₦8,655,750",February,2,1,,
18/02/2025,Idimu,Automotive Fuel,Afternoon,Mr Tunde,Tuesday,PMS,22575,₦650,"₦14,673,750",February,2,1,,
18/02/2025,Idimu,Automotive Fuel,Afternoon,Mr Tunde,Tuesday,Lubricant,1312,"₦2,000","₦2,624,000",February,2,1,,
18/02/2025,Idimu,Automotive Fuel,Afternoon,Mr Tunde,Tuesday,Diesel,14760,₦820,"₦12,103,200",February,2,1,,
18/02/2025,Idimu,Automotive Fuel,Afternoon,Mr Tunde,Tuesday,LPG (kg),1002,₦850,"₦851,700",February,2,1,,
19/02/2025,Iwaya,Cooking Gas,Afternoon,Mrs Chika,Wednesday,AGO,6054,₦750,"₦4,540,500",February,2,1,,
19/02/2025,Iwaya,Cooking Gas,Afternoon,Mrs Chika,Wednesday,PMS,24618,₦650,"₦16,001,700",February,2,1,,
19/02/2025,Iwaya,Cooking Gas,Afternoon,Mrs Chika,Wednesday,Lubricant,1415,"₦2,000","₦2,830,000",February,2,1,,
19/02/2025,Iwaya,Cooking Gas,Afternoon,Mrs Chika,Wednesday,Diesel,15617,₦820,"₦12,805,940",February,2,1,,
19/02/2025,Iwaya,Cooking Gas,Afternoon,Mrs Chika,Wednesday,LPG (kg),1001,₦850,"₦850,850",February,2,1,,
20/02/2025,Maryland,Lubricant,Night,Mrs Chika,Thursday,AGO,11105,₦750,"₦8,328,750",February,2,1,,
20/02/2025,Maryland,Lubricant,Night,Mrs Chika,Thursday,PMS,20489,₦650,"₦13,317,850",February,2,1,,
20/02/2025,Maryland,Lubricant,Night,Mrs Chika,Thursday,Lubricant,1247,"₦2,000","₦2,494,000",February,2,1,,
20/02/2025,Maryland,Lubricant,Night,Mrs Chika,Thursday,Diesel,10678,₦820,"₦8,755,960",February,2,1,,
20/02/2025,Maryland,Lubricant,Night,Mrs Chika,Thursday,LPG (kg),2638,₦850,"₦2,242,300",February,2,1,,
21/02/2025,Idimu,Lubricant,Morning,Miss Ada,Friday,AGO,7568,₦750,"₦5,676,000",February,2,1,,
21/02/2025,Idimu,Lubricant,Morning,Miss Ada,Friday,PMS,26981,₦650,"₦17,537,650",February,2,1,,
21/02/2025,Idimu,Lubricant,Morning,Miss Ada,Friday,Lubricant,1050,"₦2,000","₦2,100,000",February,2,1,,
21/02/2025,Idimu,Lubricant,Morning,Miss Ada,Friday,Diesel,9288,₦820,"₦7,616,160",February,2,1,,
21/02/2025,Idimu,Lubricant,Morning,Miss Ada,Friday,LPG (kg),1612,₦850,"₦1,370,200",February,2,1,,
22/02/2025,Iwaya,Automotive Fuel,Morning,Mr John,Saturday,AGO,12233,₦750,"₦9,174,750",February,2,1,,
22/02/2025,Iwaya,Automotive Fuel,Morning,Mr John,Saturday,PMS,29744,₦650,"₦19,333,600",February,2,1,,
22/02/2025,Iwaya,Automotive Fuel,Morning,Mr John,Saturday,Lubricant,559,"₦2,000","₦1,118,000",February,2,1,,
22/02/2025,Iwaya,Automotive Fuel,Morning,Mr John,Saturday,Diesel,19882,₦820,"₦16,303,240",February,2,1,,
22/02/2025,Iwaya,Automotive Fuel,Morning,Mr John,Saturday,LPG (kg),1053,₦850,"₦895,050",February,2,1,,
23/02/2025,Maryland,Lubricant,Afternoon,Mr John,Sunday,AGO,14516,₦750,"₦10,887,000",February,2,1,,
23/02/2025,Maryland,Lubricant,Afternoon,Mr John,Sunday,PMS,10908,₦650,"₦7,090,200",February,2,1,,
23/02/2025,Maryland,Lubricant,Afternoon,Mr John,Sunday,Lubricant,1087,"₦2,000","₦2,174,000",February,2,1,,
23/02/2025,Maryland,Lubricant,Afternoon,Mr John,Sunday,Diesel,18957,₦820,"₦15,544,740",February,2,1,,
23/02/2025,Maryland,Lubricant,Afternoon,Mr John,Sunday,LPG (kg),1315,₦850,"₦1,117,750",February,2,1,,
24/02/2025,Idimu,Cooking Gas,Night,Mrs Chika,Monday,AGO,11014,₦750,"₦8,260,500",February,2,1,,
24/02/2025,Idimu,Cooking Gas,Night,Mrs Chika,Monday,PMS,10633,₦650,"₦6,911,450",February,2,1,,
24/02/2025,Idimu,Cooking Gas,Night,Mrs Chika,Monday,Lubricant,1173,"₦2,000","₦2,346,000",February,2,1,,
24/02/2025,Idimu,Cooking Gas,Night,Mrs Chika,Monday,Diesel,17727,₦820,"₦14,536,140",February,2,1,,
24/02/2025,Idimu,Cooking Gas,Night,Mrs Chika,Monday,LPG (kg),1417,₦850,"₦1,204,450",February,2,1,,
25/02/2025,Iwaya,Cooking Gas,Afternoon,Mr Tunde,Tuesday,AGO,8049,₦750,"₦6,036,750",February,2,1,,
25/02/2025,Iwaya,Cooking Gas,Afternoon,Mr Tunde,Tuesday,PMS,22951,₦650,"₦14,918,150",February,2,1,,
25/02/2025,Iwaya,Cooking Gas,Afternoon,Mr Tunde,Tuesday,Lubricant,1247,"₦2,000","₦2,494,000",February,2,1,,
25/02/2025,Iwaya,Cooking Gas,Afternoon,Mr Tunde,Tuesday,Diesel,15003,₦820,"₦12,302,460",February,2,1,,
25/02/2025,Iwaya,Cooking Gas,Afternoon,Mr Tunde,Tuesday,LPG (kg),1411,₦850,"₦1,199,350",February,2,1,,
26/02/2025,Maryland,Automotive Fuel,Morning,Mr John,Wednesday,AGO,8469,₦750,"₦6,351,750",February,2,1,,
26/02/2025,Maryland,Automotive Fuel,Morning,Mr John,Wednesday,PMS,11025,₦650,"₦7,166,250",February,2,1,,
26/02/2025,Maryland,Automotive Fuel,Morning,Mr John,Wednesday,Lubricant,1143,"₦2,000","₦2,286,000",February,2,1,,
26/02/2025,Maryland,Automotive Fuel,Morning,Mr John,Wednesday,Diesel,15261,₦820,"₦12,514,020",February,2,1,,
26/02/2025,Maryland,Automotive Fuel,Morning,Mr John,Wednesday,LPG (kg),1736,₦850,"₦1,475,600",February,2,1,,
27/02/2025,Idimu,Automotive Fuel,Night,Miss Ada,Thursday,AGO,9626,₦750,"₦7,219,500",February,2,1,,
27/02/2025,Idimu,Automotive Fuel,Night,Miss Ada,Thursday,PMS,26193,₦650,"₦17,025,450",February,2,1,,
27/02/2025,Idimu,Automotive Fuel,Night,Miss Ada,Thursday,Lubricant,859,"₦2,000","₦1,718,000",February,2,1,,
27/02/2025,Idimu,Automotive Fuel,Night,Miss Ada,Thursday,Diesel,14758,₦820,"₦12,101,560",February,2,1,,
27/02/2025,Idimu,Automotive Fuel,Night,Miss Ada,Thursday,LPG (kg),1300,₦850,"₦1,105,000",February,2,1,,
28/02/2025,Iwaya,Cooking Gas,Afternoon,Mrs Chika,Friday,AGO,6169,₦750,"₦4,626,750",February,2,1,,
28/02/2025,Iwaya,Cooking Gas,Afternoon,Mrs Chika,Friday,PMS,17292,₦650,"₦11,239,800",February,2,1,,
28/02/2025,Iwaya,Cooking Gas,Afternoon,Mrs Chika,Friday,Lubricant,1032,"₦2,000","₦2,064,000",February,2,1,,
28/02/2025,Iwaya,Cooking Gas,Afternoon,Mrs Chika,Friday,Diesel,12706,₦820,"₦10,418,920",February,2,1,,
28/02/2025,Iwaya,Cooking Gas,Afternoon,Mrs Chika,Friday,LPG (kg),1638,₦850,"₦1,392,300",February,2,1,,
01/03/2025,Maryland,Cooking Gas,Afternoon,Mrs Chika,Saturday,AGO,8269,₦750,"₦6,201,750",March,3,1,,
01/03/2025,Maryland,Cooking Gas,Afternoon,Mrs Chika,Saturday,PMS,14506,₦650,"₦9,428,900",March,3,1,,
01/03/2025,Maryland,Cooking Gas,Afternoon,Mrs Chika,Saturday,Lubricant,1032,"₦2,000","₦2,064,000",March,3,1,,
01/03/2025,Maryland,Cooking Gas,Afternoon,Mrs Chika,Saturday,Diesel,18598,₦820,"₦15,250,360",March,3,1,,
01/03/2025,Maryland,Cooking Gas,Afternoon,Mrs Chika,Saturday,LPG (kg),2233,₦850,"₦1,898,050",March,3,1,,
02/03/2025,Idimu,Cooking Gas,Afternoon,Mr Tunde,Sunday,AGO,5090,₦750,"₦3,817,500",March,3,1,,
02/03/2025,Idimu,Cooking Gas,Afternoon,Mr Tunde,Sunday,PMS,27573,₦650,"₦17,922,450",March,3,1,,
02/03/2025,Idimu,Cooking Gas,Afternoon,Mr Tunde,Sunday,Lubricant,1197,"₦2,000","₦2,394,000",March,3,1,,
02/03/2025,Idimu,Cooking Gas,Afternoon,Mr Tunde,Sunday,Diesel,15893,₦820,"₦13,032,260",March,3,1,,
02/03/2025,Idimu,Cooking Gas,Afternoon,Mr Tunde,Sunday,LPG (kg),2435,₦850,"₦2,069,750",March,3,1,,
03/03/2025,Iwaya,Automotive Fuel,Afternoon,Mr John,Monday,AGO,10384,₦750,"₦7,788,000",March,3,1,,
03/03/2025,Iwaya,Automotive Fuel,Afternoon,Mr John,Monday,PMS,20739,₦650,"₦13,480,350",March,3,1,,
03/03/2025,Iwaya,Automotive Fuel,Afternoon,Mr John,Monday,Lubricant,622,"₦2,000","₦1,244,000",March,3,1,,
03/03/2025,Iwaya,Automotive Fuel,Afternoon,Mr John,Monday,Diesel,16817,₦820,"₦13,789,940",March,3,1,,
03/03/2025,Iwaya,Automotive Fuel,Afternoon,Mr John,Monday,LPG (kg),1046,₦850,"₦889,100",March,3,1,,
04/03/2025,Maryland,Automotive Fuel,Night,Mr John,Tuesday,AGO,8724,₦750,"₦6,543,000",March,3,1,,
04/03/2025,Maryland,Automotive Fuel,Night,Mr John,Tuesday,PMS,27610,₦650,"₦17,946,500",March,3,1,,
04/03/2025,Maryland,Automotive Fuel,Night,Mr John,Tuesday,Lubricant,560,"₦2,000","₦1,120,000",March,3,1,,
04/03/2025,Maryland,Automotive Fuel,Night,Mr John,Tuesday,Diesel,14158,₦820,"₦11,609,560",March,3,1,,
04/03/2025,Maryland,Automotive Fuel,Night,Mr John,Tuesday,LPG (kg),1149,₦850,"₦976,650",March,3,1,,
05/03/2025,Idimu,Automotive Fuel,Afternoon,Mr John,Wednesday,AGO,8110,₦750,"₦6,082,500",March,3,1,,
05/03/2025,Idimu,Automotive Fuel,Afternoon,Mr John,Wednesday,PMS,29041,₦650,"₦18,876,650",March,3,1,,
05/03/2025,Idimu,Automotive Fuel,Afternoon,Mr John,Wednesday,Lubricant,552,"₦2,000","₦1,104,000",March,3,1,,
05/03/2025,Idimu,Automotive Fuel,Afternoon,Mr John,Wednesday,Diesel,18237,₦820,"₦14,954,340",March,3,1,,
05/03/2025,Idimu,Automotive Fuel,Afternoon,Mr John,Wednesday,LPG (kg),1395,₦850,"₦1,185,750",March,3,1,,
06/03/2025,Iwaya,Automotive Fuel,Morning,Mr John,Thursday,AGO,5293,₦750,"₦3,969,750",March,3,1,,
06/03/2025,Iwaya,Automotive Fuel,Morning,Mr John,Thursday,PMS,14538,₦650,"₦9,449,700",March,3,1,,
06/03/2025,Iwaya,Automotive Fuel,Morning,Mr John,Thursday,Lubricant,867,"₦2,000","₦1,734,000",March,3,1,,
06/03/2025,Iwaya,Automotive Fuel,Morning,Mr John,Thursday,Diesel,8667,₦820,"₦7,106,940",March,3,1,,
06/03/2025,Iwaya,Automotive Fuel,Morning,Mr John,Thursday,LPG (kg),2986,₦850,"₦2,538,100",March,3,1,,
07/03/2025,Maryland,Automotive Fuel,Morning,Mr John,Friday,AGO,9308,₦750,"₦6,981,000",March,3,1,,
07/03/2025,Maryland,Automotive Fuel,Morning,Mr John,Friday,PMS,21375,₦650,"₦13,893,750",March,3,1,,
07/03/2025,Maryland,Automotive Fuel,Morning,Mr John,Friday,Lubricant,526,"₦2,000","₦1,052,000",March,3,1,,
07/03/2025,Maryland,Automotive Fuel,Morning,Mr John,Friday,Diesel,9300,₦820,"₦7,626,000",March,3,1,,
07/03/2025,Maryland,Automotive Fuel,Morning,Mr John,Friday,LPG (kg),2855,₦850,"₦2,426,750",March,3,1,,
08/03/2025,Idimu,Automotive Fuel,Afternoon,Mrs Chika,Saturday,AGO,6377,₦750,"₦4,782,750",March,3,1,,
08/03/2025,Idimu,Automotive Fuel,Afternoon,Mrs Chika,Saturday,PMS,16611,₦650,"₦10,797,150",March,3,1,,
08/03/2025,Idimu,Automotive Fuel,Afternoon,Mrs Chika,Saturday,Lubricant,762,"₦2,000","₦1,524,000",March,3,1,,
08/03/2025,Idimu,Automotive Fuel,Afternoon,Mrs Chika,Saturday,Diesel,18550,₦820,"₦15,211,000",March,3,1,,
08/03/2025,Idimu,Automotive Fuel,Afternoon,Mrs Chika,Saturday,LPG (kg),1249,₦850,"₦1,061,650",March,3,1,,
09/03/2025,Iwaya,Automotive Fuel,Morning,Mr Tunde,Sunday,AGO,13723,₦750,"₦10,292,250",March,3,1,,
09/03/2025,Iwaya,Automotive Fuel,Morning,Mr Tunde,Sunday,PMS,28303,₦650,"₦18,396,950",March,3,1,,
09/03/2025,Iwaya,Automotive Fuel,Morning,Mr Tunde,Sunday,Lubricant,1415,"₦2,000","₦2,830,000",March,3,1,,
09/03/2025,Iwaya,Automotive Fuel,Morning,Mr Tunde,Sunday,Diesel,13842,₦820,"₦11,350,440",March,3,1,,
09/03/2025,Iwaya,Automotive Fuel,Morning,Mr Tunde,Sunday,LPG (kg),2021,₦850,"₦1,717,850",March,3,1,,
10/03/2025,Maryland,Automotive Fuel,Afternoon,Miss Ada,Monday,AGO,5722,₦750,"₦4,291,500",March,3,1,,
10/03/2025,Maryland,Automotive Fuel,Afternoon,Miss Ada,Monday,PMS,19349,₦650,"₦12,576,850",March,3,1,,
10/03/2025,Maryland,Automotive Fuel,Afternoon,Miss Ada,Monday,Lubricant,1435,"₦2,000","₦2,870,000",March,3,1,,
10/03/2025,Maryland,Automotive Fuel,Afternoon,Miss Ada,Monday,Diesel,18354,₦820,"₦15,050,280",March,3,1,,
10/03/2025,Maryland,Automotive Fuel,Afternoon,Miss Ada,Monday,LPG (kg),1694,₦850,"₦1,439,900",March,3,1,,
11/03/2025,Idimu,Lubricant,Morning,Miss Ada,Tuesday,AGO,7139,₦750,"₦5,354,250",March,3,1,,
11/03/2025,Idimu,Lubricant,Morning,Miss Ada,Tuesday,PMS,20137,₦650,"₦13,089,050",March,3,1,,
11/03/2025,Idimu,Lubricant,Morning,Miss Ada,Tuesday,Lubricant,1267,"₦2,000","₦2,534,000",March,3,1,,
11/03/2025,Idimu,Lubricant,Morning,Miss Ada,Tuesday,Diesel,19394,₦820,"₦15,903,080",March,3,1,,
11/03/2025,Idimu,Lubricant,Morning,Miss Ada,Tuesday,LPG (kg),1583,₦850,"₦1,345,550",March,3,1,,
12/03/2025,Iwaya,Lubricant,Afternoon,Mr John,Wednesday,AGO,10144,₦750,"₦7,608,000",March,3,1,,
12/03/2025,Iwaya,Lubricant,Afternoon,Mr John,Wednesday,PMS,23916,₦650,"₦15,545,400",March,3,1,,
12/03/2025,Iwaya,Lubricant,Afternoon,Mr John,Wednesday,Lubricant,1192,"₦2,000","₦2,384,000",March,3,1,,
12/03/2025,Iwaya,Lubricant,Afternoon,Mr John,Wednesday,Diesel,8021,₦820,"₦6,577,220",March,3,1,,
12/03/2025,Iwaya,Lubricant,Afternoon,Mr John,Wednesday,LPG (kg),1339,₦850,"₦1,138,150",March,3,1,,
13/03/2025,Maryland,Cooking Gas,Night,Miss Ada,Thursday,AGO,9854,₦750,"₦7,390,500",March,3,1,,
13/03/2025,Maryland,Cooking Gas,Night,Miss Ada,Thursday,PMS,13701,₦650,"₦8,905,650",March,3,1,,
13/03/2025,Maryland,Cooking Gas,Night,Miss Ada,Thursday,Lubricant,1180,"₦2,000","₦2,360,000",March,3,1,,
13/03/2025,Maryland,Cooking Gas,Night,Miss Ada,Thursday,Diesel,11765,₦820,"₦9,647,300",March,3,1,,
13/03/2025,Maryland,Cooking Gas,Night,Miss Ada,Thursday,LPG (kg),2689,₦850,"₦2,285,650",March,3,1,,
14/03/2025,Idimu,Automotive Fuel,Night,Mrs Chika,Friday,AGO,8935,₦750,"₦6,701,250",March,3,1,,
14/03/2025,Idimu,Automotive Fuel,Night,Mrs Chika,Friday,PMS,25086,₦650,"₦16,305,900",March,3,1,,
14/03/2025,Idimu,Automotive Fuel,Night,Mrs Chika,Friday,Lubricant,676,"₦2,000","₦1,352,000",March,3,1,,
14/03/2025,Idimu,Automotive Fuel,Night,Mrs Chika,Friday,Diesel,13208,₦820,"₦10,830,560",March,3,1,,
14/03/2025,Idimu,Automotive Fuel,Night,Mrs Chika,Friday,LPG (kg),2163,₦850,"₦1,838,550",March,3,1,,
15/03/2025,Iwaya,Automotive Fuel,Afternoon,Miss Ada,Saturday,AGO,10478,₦750,"₦7,858,500",March,3,1,,
15/03/2025,Iwaya,Automotive Fuel,Afternoon,Miss Ada,Saturday,PMS,20708,₦650,"₦13,460,200",March,3,1,,
15/03/2025,Iwaya,Automotive Fuel,Afternoon,Miss Ada,Saturday,Lubricant,1485,"₦2,000","₦2,970,000",March,3,1,,
15/03/2025,Iwaya,Automotive Fuel,Afternoon,Miss Ada,Saturday,Diesel,15504,₦820,"₦12,713,280",March,3,1,,
15/03/2025,Iwaya,Automotive Fuel,Afternoon,Miss Ada,Saturday,LPG (kg),2192,₦850,"₦1,863,200",March,3,1,,
16/03/2025,Maryland,Lubricant,Night,Miss Ada,Sunday,AGO,10468,₦750,"₦7,851,000",March,3,1,,
16/03/2025,Maryland,Lubricant,Night,Miss Ada,Sunday,PMS,26491,₦650,"₦17,219,150",March,3,1,,
16/03/2025,Maryland,Lubricant,Night,Miss Ada,Sunday,Lubricant,1183,"₦2,000","₦2,366,000",March,3,1,,
16/03/2025,Maryland,Lubricant,Night,Miss Ada,Sunday,Diesel,9385,₦820,"₦7,695,700",March,3,1,,
16/03/2025,Maryland,Lubricant,Night,Miss Ada,Sunday,LPG (kg),1865,₦850,"₦1,585,250",March,3,1,,
17/03/2025,Idimu,Cooking Gas,Afternoon,Mr John,Monday,AGO,12380,₦750,"₦9,285,000",March,3,1,,
17/03/2025,Idimu,Cooking Gas,Afternoon,Mr John,Monday,PMS,16851,₦650,"₦10,953,150",March,3,1,,
17/03/2025,Idimu,Cooking Gas,Afternoon,Mr John,Monday,Lubricant,1249,"₦2,000","₦2,498,000",March,3,1,,
17/03/2025,Idimu,Cooking Gas,Afternoon,Mr John,Monday,Diesel,18175,₦820,"₦14,903,500",March,3,1,,
17/03/2025,Idimu,Cooking Gas,Afternoon,Mr John,Monday,LPG (kg),1332,₦850,"₦1,132,200",March,3,1,,
18/03/2025,Iwaya,Cooking Gas,Afternoon,Mr John,Tuesday,AGO,13761,₦750,"₦10,320,750",March,3,1,,
18/03/2025,Iwaya,Cooking Gas,Afternoon,Mr John,Tuesday,PMS,26494,₦650,"₦17,221,100",March,3,1,,
18/03/2025,Iwaya,Cooking Gas,Afternoon,Mr John,Tuesday,Lubricant,682,"₦2,000","₦1,364,000",March,3,1,,
18/03/2025,Iwaya,Cooking Gas,Afternoon,Mr John,Tuesday,Diesel,11277,₦820,"₦9,247,140",March,3,1,,
18/03/2025,Iwaya,Cooking Gas,Afternoon,Mr John,Tuesday,LPG (kg),2639,₦850,"₦2,243,150",March,3,1,,
19/03/2025,Maryland,Lubricant,Afternoon,Miss Ada,Wednesday,AGO,8596,₦750,"₦6,447,000",March,3,1,,
19/03/2025,Maryland,Lubricant,Afternoon,Miss Ada,Wednesday,PMS,24825,₦650,"₦16,136,250",March,3,1,,
19/03/2025,Maryland,Lubricant,Afternoon,Miss Ada,Wednesday,Lubricant,834,"₦2,000","₦1,668,000",March,3,1,,
19/03/2025,Maryland,Lubricant,Afternoon,Miss Ada,Wednesday,Diesel,17534,₦820,"₦14,377,880",March,3,1,,
19/03/2025,Maryland,Lubricant,Afternoon,Miss Ada,Wednesday,LPG (kg),1188,₦850,"₦1,009,800",March,3,1,,
20/03/2025,Idimu,Automotive Fuel,Morning,Mr Tunde,Thursday,AGO,5591,₦750,"₦4,193,250",March,3,1,,
20/03/2025,Idimu,Automotive Fuel,Morning,Mr Tunde,Thursday,PMS,11985,₦650,"₦7,790,250",March,3,1,,
20/03/2025,Idimu,Automotive Fuel,Morning,Mr Tunde,Thursday,Lubricant,937,"₦2,000","₦1,874,000",March,3,1,,
20/03/2025,Idimu,Automotive Fuel,Morning,Mr Tunde,Thursday,Diesel,17441,₦820,"₦14,301,620",March,3,1,,
20/03/2025,Idimu,Automotive Fuel,Morning,Mr Tunde,Thursday,LPG (kg),2708,₦850,"₦2,301,800",March,3,1,,
21/03/2025,Iwaya,Lubricant,Afternoon,Mr John,Friday,AGO,5390,₦750,"₦4,042,500",March,3,1,,
21/03/2025,Iwaya,Lubricant,Afternoon,Mr John,Friday,PMS,14993,₦650,"₦9,745,450",March,3,1,,
21/03/2025,Iwaya,Lubricant,Afternoon,Mr John,Friday,Lubricant,1324,"₦2,000","₦2,648,000",March,3,1,,
21/03/2025,Iwaya,Lubricant,Afternoon,Mr John,Friday,Diesel,12604,₦820,"₦10,335,280",March,3,1,,
21/03/2025,Iwaya,Lubricant,Afternoon,Mr John,Friday,LPG (kg),1695,₦850,"₦1,440,750",March,3,1,,
22/03/2025,Maryland,Lubricant,Afternoon,Mrs Chika,Saturday,AGO,14842,₦750,"₦11,131,500",March,3,1,,
22/03/2025,Maryland,Lubricant,Afternoon,Mrs Chika,Saturday,PMS,20112,₦650,"₦13,072,800",March,3,1,,
22/03/2025,Maryland,Lubricant,Afternoon,Mrs Chika,Saturday,Lubricant,1425,"₦2,000","₦2,850,000",March,3,1,,
22/03/2025,Maryland,Lubricant,Afternoon,Mrs Chika,Saturday,Diesel,15619,₦820,"₦12,807,580",March,3,1,,
22/03/2025,Maryland,Lubricant,Afternoon,Mrs Chika,Saturday,LPG (kg),2180,₦850,"₦1,853,000",March,3,1,,
23/03/2025,Idimu,Lubricant,Morning,Mr Tunde,Sunday,AGO,14091,₦750,"₦10,568,250",March,3,1,,
23/03/2025,Idimu,Lubricant,Morning,Mr Tunde,Sunday,PMS,27947,₦650,"₦18,165,550",March,3,1,,
23/03/2025,Idimu,Lubricant,Morning,Mr Tunde,Sunday,Lubricant,549,"₦2,000","₦1,098,000",March,3,1,,
23/03/2025,Idimu,Lubricant,Morning,Mr Tunde,Sunday,Diesel,14319,₦820,"₦11,741,580",March,3,1,,
23/03/2025,Idimu,Lubricant,Morning,Mr Tunde,Sunday,LPG (kg),2046,₦850,"₦1,739,100",March,3,1,,
24/03/2025,Iwaya,Cooking Gas,Morning,Mr John,Monday,AGO,7284,₦750,"₦5,463,000",March,3,1,,
24/03/2025,Iwaya,Cooking Gas,Morning,Mr John,Monday,PMS,25173,₦650,"₦16,362,450",March,3,1,,
24/03/2025,Iwaya,Cooking Gas,Morning,Mr John,Monday,Lubricant,1356,"₦2,000","₦2,712,000",March,3,1,,
24/03/2025,Iwaya,Cooking Gas,Morning,Mr John,Monday,Diesel,15424,₦820,"₦12,647,680",March,3,1,,
24/03/2025,Iwaya,Cooking Gas,Morning,Mr John,Monday,LPG (kg),1437,₦850,"₦1,221,450",March,3,1,,
25/03/2025,Maryland,Automotive Fuel,Afternoon,Mr Tunde,Tuesday,AGO,7572,₦750,"₦5,679,000",March,3,1,,
25/03/2025,Maryland,Automotive Fuel,Afternoon,Mr Tunde,Tuesday,PMS,26343,₦650,"₦17,122,950",March,3,1,,
25/03/2025,Maryland,Automotive Fuel,Afternoon,Mr Tunde,Tuesday,Lubricant,823,"₦2,000","₦1,646,000",March,3,1,,
25/03/2025,Maryland,Automotive Fuel,Afternoon,Mr Tunde,Tuesday,Diesel,19237,₦820,"₦15,774,340",March,3,1,,
25/03/2025,Maryland,Automotive Fuel,Afternoon,Mr Tunde,Tuesday,LPG (kg),2500,₦850,"₦2,125,000",March,3,1,,
26/03/2025,Idimu,Automotive Fuel,Afternoon,Mr John,Wednesday,AGO,6188,₦750,"₦4,641,000",March,3,1,,
26/03/2025,Idimu,Automotive Fuel,Afternoon,Mr John,Wednesday,PMS,25910,₦650,"₦16,841,500",March,3,1,,
26/03/2025,Idimu,Automotive Fuel,Afternoon,Mr John,Wednesday,Lubricant,942,"₦2,000","₦1,884,000",March,3,1,,
26/03/2025,Idimu,Automotive Fuel,Afternoon,Mr John,Wednesday,Diesel,13481,₦820,"₦11,054,420",March,3,1,,
26/03/2025,Idimu,Automotive Fuel,Afternoon,Mr John,Wednesday,LPG (kg),2216,₦850,"₦1,883,600",March,3,1,,
27/03/2025,Iwaya,Cooking Gas,Night,Mrs Chika,Thursday,AGO,13657,₦750,"₦10,242,750",March,3,1,,
27/03/2025,Iwaya,Cooking Gas,Night,Mrs Chika,Thursday,PMS,11568,₦650,"₦7,519,200",March,3,1,,
27/03/2025,Iwaya,Cooking Gas,Night,Mrs Chika,Thursday,Lubricant,675,"₦2,000","₦1,350,000",March,3,1,,
27/03/2025,Iwaya,Cooking Gas,Night,Mrs Chika,Thursday,Diesel,12289,₦820,"₦10,076,980",March,3,1,,
27/03/2025,Iwaya,Cooking Gas,Night,Mrs Chika,Thursday,LPG (kg),1390,₦850,"₦1,181,500",March,3,1,,
28/03/2025,Maryland,Cooking Gas,Night,Mrs Chika,Friday,AGO,6335,₦750,"₦4,751,250",March,3,1,,
28/03/2025,Maryland,Cooking Gas,Night,Mrs Chika,Friday,PMS,18207,₦650,"₦11,834,550",March,3,1,,
28/03/2025,Maryland,Cooking Gas,Night,Mrs Chika,Friday,Lubricant,1455,"₦2,000","₦2,910,000",March,3,1,,
28/03/2025,Maryland,Cooking Gas,Night,Mrs Chika,Friday,Diesel,17637,₦820,"₦14,462,340",March,3,1,,
28/03/2025,Maryland,Cooking Gas,Night,Mrs Chika,Friday,LPG (kg),1214,₦850,"₦1,031,900",March,3,1,,
29/03/2025,Idimu,Cooking Gas,Morning,Mrs Chika,Saturday,AGO,7551,₦750,"₦5,663,250",March,3,1,,
29/03/2025,Idimu,Cooking Gas,Morning,Mrs Chika,Saturday,PMS,20575,₦650,"₦13,373,750",March,3,1,,
29/03/2025,Idimu,Cooking Gas,Morning,Mrs Chika,Saturday,Lubricant,1101,"₦2,000","₦2,202,000",March,3,1,,
29/03/2025,Idimu,Cooking Gas,Morning,Mrs Chika,Saturday,Diesel,17808,₦820,"₦14,602,560",March,3,1,,
29/03/2025,Idimu,Cooking Gas,Morning,Mrs Chika,Saturday,LPG (kg),1257,₦850,"₦1,068,450",March,3,1,,
30/03/2025,Iwaya,Cooking Gas,Night,Mr John,Sunday,AGO,9877,₦750,"₦7,407,750",March,3,1,,
30/03/2025,Iwaya,Cooking Gas,Night,Mr John,Sunday,PMS,12428,₦650,"₦8,078,200",March,3,1,,
30/03/2025,Iwaya,Cooking Gas,Night,Mr John,Sunday,Lubricant,1181,"₦2,000","₦2,362,000",March,3,1,,
30/03/2025,Iwaya,Cooking Gas,Night,Mr John,Sunday,Diesel,19528,₦820,"₦16,012,960",March,3,1,,
30/03/2025,Iwaya,Cooking Gas,Night,Mr John,Sunday,LPG (kg),2316,₦850,"₦1,968,600",March,3,1,,
31/03/2025,Maryland,Automotive Fuel,Morning,Miss Ada,Monday,AGO,12143,₦750,"₦9,107,250",March,3,1,,
31/03/2025,Maryland,Automotive Fuel,Morning,Miss Ada,Monday,PMS,23796,₦650,"₦15,467,400",March,3,1,,
31/03/2025,Maryland,Automotive Fuel,Morning,Miss Ada,Monday,Lubricant,584,"₦2,000","₦1,168,000",March,3,1,,
31/03/2025,Maryland,Automotive Fuel,Morning,Miss Ada,Monday,Diesel,11554,₦820,"₦9,474,280",March,3,1,,
31/03/2025,Maryland,Automotive Fuel,Morning,Miss Ada,Monday,LPG (kg),2027,₦850,"₦1,722,950",March,3,1,,
01/01/2025,Idimu,Automotive Fuel,Morning,Mrs Chika,Wednesday,AGO,6317,₦750,"₦4,737,750",January,1,1,,
01/01/2025,Idimu,Automotive Fuel,Morning,Mrs Chika,Wednesday,PMS,27833,₦650,"₦18,091,450",January,1,1,,
01/01/2025,Idimu,Automotive Fuel,Morning,Mrs Chika,Wednesday,Lubricant,567,"₦2,000","₦1,134,000",January,1,1,,
01/01/2025,Idimu,Automotive Fuel,Morning,Mrs Chika,Wednesday,Diesel,14480,₦820,"₦11,873,600",January,1,1,,
01/01/2025,Idimu,Automotive Fuel,Morning,Mrs Chika,Wednesday,LPG (kg),2417,₦850,"₦2,054,450",January,1,1,,
02/01/2025,Iwaya,Cooking Gas,Night,Mr John,Thursday,AGO,7816,₦750,"₦5,862,000",January,1,1,,
02/01/2025,Iwaya,Cooking Gas,Night,Mr John,Thursday,PMS,26981,₦650,"₦17,537,650",January,1,1,,
02/01/2025,Iwaya,Cooking Gas,Night,Mr John,Thursday,Lubricant,917,"₦2,000","₦1,834,000",January,1,1,,
02/01/2025,Iwaya,Cooking Gas,Night,Mr John,Thursday,Diesel,17617,₦820,"₦14,445,940",January,1,1,,
02/01/2025,Iwaya,Cooking Gas,Night,Mr John,Thursday,LPG (kg),2258,₦850,"₦1,919,300",January,1,1,,
03/01/2025,Maryland,Automotive Fuel,Night,Mrs Chika,Friday,AGO,9041,₦750,"₦6,780,750",January,1,1,,
03/01/2025,Maryland,Automotive Fuel,Night,Mrs Chika,Friday,PMS,25061,₦650,"₦16,289,650",January,1,1,,
03/01/2025,Maryland,Automotive Fuel,Night,Mrs Chika,Friday,Lubricant,686,"₦2,000","₦1,372,000",January,1,1,,
03/01/2025,Maryland,Automotive Fuel,Night,Mrs Chika,Friday,Diesel,15513,₦820,"₦12,720,660",January,1,1,,
03/01/2025,Maryland,Automotive Fuel,Night,Mrs Chika,Friday,LPG (kg),2974,₦850,"₦2,527,900",January,1,1,,
04/01/2025,Idimu,Lubricant,Afternoon,Mrs Chika,Saturday,AGO,12033,₦750,"₦9,024,750",January,1,1,,
04/01/2025,Idimu,Lubricant,Afternoon,Mrs Chika,Saturday,PMS,24100,₦650,"₦15,665,000",January,1,1,,
04/01/2025,Idimu,Lubricant,Afternoon,Mrs Chika,Saturday,Lubricant,558,"₦2,000","₦1,116,000",January,1,1,,
04/01/2025,Idimu,Lubricant,Afternoon,Mrs Chika,Saturday,Diesel,19808,₦820,"₦16,242,560",January,1,1,,
04/01/2025,Idimu,Lubricant,Afternoon,Mrs Chika,Saturday,LPG (kg),1500,₦850,"₦1,275,000",January,1,1,,
05/01/2025,Iwaya,Cooking Gas,Night,Mr John,Sunday,AGO,11190,₦750,"₦8,392,500",January,1,1,,
05/01/2025,Iwaya,Cooking Gas,Night,Mr John,Sunday,PMS,10134,₦650,"₦6,587,100",January,1,1,,
05/01/2025,Iwaya,Cooking Gas,Night,Mr John,Sunday,Lubricant,729,"₦2,000","₦1,458,000",January,1,1,,
05/01/2025,Iwaya,Cooking Gas,Night,Mr John,Sunday,Diesel,10172,₦820,"₦8,341,040",January,1,1,,
05/01/2025,Iwaya,Cooking Gas,Night,Mr John,Sunday,LPG (kg),1311,₦850,"₦1,114,350",January,1,1,,
06/01/2025,Maryland,Cooking Gas,Afternoon,Miss Ada,Monday,AGO,13821,₦750,"₦10,365,750",January,1,1,,
06/01/2025,Maryland,Cooking Gas,Afternoon,Miss Ada,Monday,PMS,17006,₦650,"₦11,053,900",January,1,1,,
06/01/2025,Maryland,Cooking Gas,Afternoon,Miss Ada,Monday,Lubricant,1084,"₦2,000","₦2,168,000",January,1,1,,
06/01/2025,Maryland,Cooking Gas,Afternoon,Miss Ada,Monday,Diesel,13554,₦820,"₦11,114,280",January,1,1,,
06/01/2025,Maryland,Cooking Gas,Afternoon,Miss Ada,Monday,LPG (kg),1981,₦850,"₦1,683,850",January,1,1,,
07/01/2025,Idimu,Lubricant,Afternoon,Mr John,Tuesday,AGO,12427,₦750,"₦9,320,250",January,1,1,,
07/01/2025,Idimu,Lubricant,Afternoon,Mr John,Tuesday,PMS,29678,₦650,"₦19,290,700",January,1,1,,
07/01/2025,Idimu,Lubricant,Afternoon,Mr John,Tuesday,Lubricant,1149,"₦2,000","₦2,298,000",January,1,1,,
07/01/2025,Idimu,Lubricant,Afternoon,Mr John,Tuesday,Diesel,19227,₦820,"₦15,766,140",January,1,1,,
07/01/2025,Idimu,Lubricant,Afternoon,Mr John,Tuesday,LPG (kg),1497,₦850,"₦1,272,450",January,1,1,,
08/01/2025,Iwaya,Cooking Gas,Afternoon,Mr Tunde,Wednesday,AGO,5247,₦750,"₦3,935,250",January,1,1,,
08/01/2025,Iwaya,Cooking Gas,Afternoon,Mr Tunde,Wednesday,PMS,11909,₦650,"₦7,740,850",January,1,1,,
08/01/2025,Iwaya,Cooking Gas,Afternoon,Mr Tunde,Wednesday,Lubricant,1077,"₦2,000","₦2,154,000",January,1,1,,
08/01/2025,Iwaya,Cooking Gas,Afternoon,Mr Tunde,Wednesday,Diesel,19792,₦820,"₦16,229,440",January,1,1,,
08/01/2025,Iwaya,Cooking Gas,Afternoon,Mr Tunde,Wednesday,LPG (kg),2507,₦850,"₦2,130,950",January,1,1,,
09/01/2025,Maryland,Cooking Gas,Night,Mr John,Thursday,AGO,5738,₦750,"₦4,303,500",January,1,1,,
09/01/2025,Maryland,Cooking Gas,Night,Mr John,Thursday,PMS,20668,₦650,"₦13,434,200",January,1,1,,
09/01/2025,Maryland,Cooking Gas,Night,Mr John,Thursday,Lubricant,1402,"₦2,000","₦2,804,000",January,1,1,,
09/01/2025,Maryland,Cooking Gas,Night,Mr John,Thursday,Diesel,13073,₦820,"₦10,719,860",January,1,1,,
09/01/2025,Maryland,Cooking Gas,Night,Mr John,Thursday,LPG (kg),1459,₦850,"₦1,240,150",January,1,1,,
10/01/2025,Idimu,Automotive Fuel,Night,Mr Tunde,Friday,AGO,13579,₦750,"₦10,184,250",January,1,1,,
10/01/2025,Idimu,Automotive Fuel,Night,Mr Tunde,Friday,PMS,23667,₦650,"₦15,383,550",January,1,1,,
10/01/2025,Idimu,Automotive Fuel,Night,Mr Tunde,Friday,Lubricant,1310,"₦2,000","₦2,620,000",January,1,1,,
10/01/2025,Idimu,Automotive Fuel,Night,Mr Tunde,Friday,Diesel,10571,₦820,"₦8,668,220",January,1,1,,
10/01/2025,Idimu,Automotive Fuel,Night,Mr Tunde,Friday,LPG (kg),1685,₦850,"₦1,432,250",January,1,1,,
11/01/2025,Iwaya,Cooking Gas,Night,Mr Tunde,Saturday,AGO,9819,₦750,"₦7,364,250",January,1,1,,
11/01/2025,Iwaya,Cooking Gas,Night,Mr Tunde,Saturday,PMS,20053,₦650,"₦13,034,450",January,1,1,,
11/01/2025,Iwaya,Cooking Gas,Night,Mr Tunde,Saturday,Lubricant,758,"₦2,000","₦1,516,000",January,1,1,,
11/01/2025,Iwaya,Cooking Gas,Night,Mr Tunde,Saturday,Diesel,15672,₦820,"₦12,851,040",January,1,1,,
11/01/2025,Iwaya,Cooking Gas,Night,Mr Tunde,Saturday,LPG (kg),2115,₦850,"₦1,797,750",January,1,1,,
12/01/2025,Maryland,Lubricant,Night,Mrs Chika,Sunday,AGO,12221,₦750,"₦9,165,750",January,1,1,,
12/01/2025,Maryland,Lubricant,Night,Mrs Chika,Sunday,PMS,23731,₦650,"₦15,425,150",January,1,1,,
12/01/2025,Maryland,Lubricant,Night,Mrs Chika,Sunday,Lubricant,1210,"₦2,000","₦2,420,000",January,1,1,,
12/01/2025,Maryland,Lubricant,Night,Mrs Chika,Sunday,Diesel,11293,₦820,"₦9,260,260",January,1,1,,
12/01/2025,Maryland,Lubricant,Night,Mrs Chika,Sunday,LPG (kg),2305,₦850,"₦1,959,250",January,1,1,,
13/01/2025,Idimu,Lubricant,Morning,Mrs Chika,Monday,AGO,13158,₦750,"₦9,868,500",January,1,1,,
13/01/2025,Idimu,Lubricant,Morning,Mrs Chika,Monday,PMS,29682,₦650,"₦19,293,300",January,1,1,,
13/01/2025,Idimu,Lubricant,Morning,Mrs Chika,Monday,Lubricant,961,"₦2,000","₦1,922,000",January,1,1,,
13/01/2025,Idimu,Lubricant,Morning,Mrs Chika,Monday,Diesel,19655,₦820,"₦16,117,100",January,1,1,,
13/01/2025,Idimu,Lubricant,Morning,Mrs Chika,Monday,LPG (kg),1061,₦850,"₦901,850",January,1,1,,
14/01/2025,Iwaya,Lubricant,Morning,Mr John,Tuesday,AGO,13277,₦750,"₦9,957,750",January,1,1,,
14/01/2025,Iwaya,Lubricant,Morning,Mr John,Tuesday,PMS,26992,₦650,"₦17,544,800",January,1,1,,
14/01/2025,Iwaya,Lubricant,Morning,Mr John,Tuesday,Lubricant,609,"₦2,000","₦1,218,000",January,1,1,,
14/01/2025,Iwaya,Lubricant,Morning,Mr John,Tuesday,Diesel,18542,₦820,"₦15,204,440",January,1,1,,
14/01/2025,Iwaya,Lubricant,Morning,Mr John,Tuesday,LPG (kg),1144,₦850,"₦972,400",January,1,1,,
15/01/2025,Maryland,Lubricant,Night,Mr John,Wednesday,AGO,14986,₦750,"₦11,239,500",January,1,1,,
15/01/2025,Maryland,Lubricant,Night,Mr John,Wednesday,PMS,22564,₦650,"₦14,666,600",January,1,1,,
15/01/2025,Maryland,Lubricant,Night,Mr John,Wednesday,Lubricant,877,"₦2,000","₦1,754,000",January,1,1,,
15/01/2025,Maryland,Lubricant,Night,Mr John,Wednesday,Diesel,15568,₦820,"₦12,765,760",January,1,1,,
15/01/2025,Maryland,Lubricant,Night,Mr John,Wednesday,LPG (kg),2019,₦850,"₦1,716,150",January,1,1,,
16/01/2025,Idimu,Cooking Gas,Afternoon,Mrs Chika,Thursday,AGO,12973,₦750,"₦9,729,750",January,1,1,,
16/01/2025,Idimu,Cooking Gas,Afternoon,Mrs Chika,Thursday,PMS,17421,₦650,"₦11,323,650",January,1,1,,
16/01/2025,Idimu,Cooking Gas,Afternoon,Mrs Chika,Thursday,Lubricant,1285,"₦2,000","₦2,570,000",January,1,1,,
16/01/2025,Idimu,Cooking Gas,Afternoon,Mrs Chika,Thursday,Diesel,17403,₦820,"₦14,270,460",January,1,1,,
16/01/2025,Idimu,Cooking Gas,Afternoon,Mrs Chika,Thursday,LPG (kg),2004,₦850,"₦1,703,400",January,1,1,,
17/01/2025,Iwaya,Cooking Gas,Afternoon,Mr Tunde,Friday,AGO,14778,₦750,"₦11,083,500",January,1,1,,
17/01/2025,Iwaya,Cooking Gas,Afternoon,Mr Tunde,Friday,PMS,25417,₦650,"₦16,521,050",January,1,1,,
17/01/2025,Iwaya,Cooking Gas,Afternoon,Mr Tunde,Friday,Lubricant,605,"₦2,000","₦1,210,000",January,1,1,,
17/01/2025,Iwaya,Cooking Gas,Afternoon,Mr Tunde,Friday,Diesel,18653,₦820,"₦15,295,460",January,1,1,,
17/01/2025,Iwaya,Cooking Gas,Afternoon,Mr Tunde,Friday,LPG (kg),2102,₦850,"₦1,786,700",January,1,1,,
18/01/2025,Maryland,Cooking Gas,Night,Miss Ada,Saturday,AGO,12884,₦750,"₦9,663,000",January,1,1,,
18/01/2025,Maryland,Cooking Gas,Night,Miss Ada,Saturday,PMS,24108,₦650,"₦15,670,200",January,1,1,,
18/01/2025,Maryland,Cooking Gas,Night,Miss Ada,Saturday,Lubricant,844,"₦2,000","₦1,688,000",January,1,1,,
18/01/2025,Maryland,Cooking Gas,Night,Miss Ada,Saturday,Diesel,13068,₦820,"₦10,715,760",January,1,1,,
18/01/2025,Maryland,Cooking Gas,Night,Miss Ada,Saturday,LPG (kg),1110,₦850,"₦943,500",January,1,1,,
19/01/2025,Idimu,Lubricant,Night,Mrs Chika,Sunday,AGO,12403,₦750,"₦9,302,250",January,1,1,,
19/01/2025,Idimu,Lubricant,Night,Mrs Chika,Sunday,PMS,27285,₦650,"₦17,735,250",January,1,1,,
19/01/2025,Idimu,Lubricant,Night,Mrs Chika,Sunday,Lubricant,664,"₦2,000","₦1,328,000",January,1,1,,
19/01/2025,Idimu,Lubricant,Night,Mrs Chika,Sunday,Diesel,14922,₦820,"₦12,236,040",January,1,1,,
19/01/2025,Idimu,Lubricant,Night,Mrs Chika,Sunday,LPG (kg),2271,₦850,"₦1,930,350",January,1,1,,
20/01/2025,Iwaya,Cooking Gas,Afternoon,Mrs Chika,Monday,AGO,10451,₦750,"₦7,838,250",January,1,1,,
20/01/2025,Iwaya,Cooking Gas,Afternoon,Mrs Chika,Monday,PMS,24947,₦650,"₦16,215,550",January,1,1,,
20/01/2025,Iwaya,Cooking Gas,Afternoon,Mrs Chika,Monday,Lubricant,1011,"₦2,000","₦2,022,000",January,1,1,,
20/01/2025,Iwaya,Cooking Gas,Afternoon,Mrs Chika,Monday,Diesel,11474,₦820,"₦9,408,680",January,1,1,,
20/01/2025,Iwaya,Cooking Gas,Afternoon,Mrs Chika,Monday,LPG (kg),2465,₦850,"₦2,095,250",January,1,1,,
21/01/2025,Maryland,Automotive Fuel,Morning,Mr Tunde,Tuesday,AGO,12200,₦750,"₦9,150,000",January,1,1,,
21/01/2025,Maryland,Automotive Fuel,Morning,Mr Tunde,Tuesday,PMS,26724,₦650,"₦17,370,600",January,1,1,,
21/01/2025,Maryland,Automotive Fuel,Morning,Mr Tunde,Tuesday,Lubricant,977,"₦2,000","₦1,954,000",January,1,1,,
21/01/2025,Maryland,Automotive Fuel,Morning,Mr Tunde,Tuesday,Diesel,15332,₦820,"₦12,572,240",January,1,1,,
21/01/2025,Maryland,Automotive Fuel,Morning,Mr Tunde,Tuesday,LPG (kg),2580,₦850,"₦2,193,000",January,1,1,,
22/01/2025,Idimu,Lubricant,Night,Mr John,Wednesday,AGO,12279,₦750,"₦9,209,250",January,1,1,,
22/01/2025,Idimu,Lubricant,Night,Mr John,Wednesday,PMS,26281,₦650,"₦17,082,650",January,1,1,,
22/01/2025,Idimu,Lubricant,Night,Mr John,Wednesday,Lubricant,533,"₦2,000","₦1,066,000",January,1,1,,
22/01/2025,Idimu,Lubricant,Night,Mr John,Wednesday,Diesel,18526,₦820,"₦15,191,320",January,1,1,,
22/01/2025,Idimu,Lubricant,Night,Mr John,Wednesday,LPG (kg),2638,₦850,"₦2,242,300",January,1,1,,
23/01/2025,Iwaya,Lubricant,Afternoon,Miss Ada,Thursday,AGO,11806,₦750,"₦8,854,500",January,1,1,,
23/01/2025,Iwaya,Lubricant,Afternoon,Miss Ada,Thursday,PMS,19813,₦650,"₦12,878,450",January,1,1,,
23/01/2025,Iwaya,Lubricant,Afternoon,Miss Ada,Thursday,Lubricant,947,"₦2,000","₦1,894,000",January,1,1,,
23/01/2025,Iwaya,Lubricant,Afternoon,Miss Ada,Thursday,Diesel,16758,₦820,"₦13,741,560",January,1,1,,
23/01/2025,Iwaya,Lubricant,Afternoon,Miss Ada,Thursday,LPG (kg),1783,₦850,"₦1,515,550",January,1,1,,
24/01/2025,Maryland,Lubricant,Afternoon,Mr John,Friday,AGO,14095,₦750,"₦10,571,250",January,1,1,,
24/01/2025,Maryland,Lubricant,Afternoon,Mr John,Friday,PMS,14684,₦650,"₦9,544,600",January,1,1,,
24/01/2025,Maryland,Lubricant,Afternoon,Mr John,Friday,Lubricant,922,"₦2,000","₦1,844,000",January,1,1,,
24/01/2025,Maryland,Lubricant,Afternoon,Mr John,Friday,Diesel,17497,₦820,"₦14,347,540",January,1,1,,
24/01/2025,Maryland,Lubricant,Afternoon,Mr John,Friday,LPG (kg),1100,₦850,"₦935,000",January,1,1,,
25/01/2025,Idimu,Lubricant,Night,Mr John,Saturday,AGO,8179,₦750,"₦6,134,250",January,1,1,,
25/01/2025,Idimu,Lubricant,Night,Mr John,Saturday,PMS,16871,₦650,"₦10,966,150",January,1,1,,
25/01/2025,Idimu,Lubricant,Night,Mr John,Saturday,Lubricant,1347,"₦2,000","₦2,694,000",January,1,1,,
25/01/2025,Idimu,Lubricant,Night,Mr John,Saturday,Diesel,9548,₦820,"₦7,829,360",January,1,1,,
25/01/2025,Idimu,Lubricant,Night,Mr John,Saturday,LPG (kg),1940,₦850,"₦1,649,000",January,1,1,,
26/01/2025,Iwaya,Automotive Fuel,Morning,Miss Ada,Sunday,AGO,14260,₦750,"₦10,695,000",January,1,1,,
26/01/2025,Iwaya,Automotive Fuel,Morning,Miss Ada,Sunday,PMS,12619,₦650,"₦8,202,350",January,1,1,,
26/01/2025,Iwaya,Automotive Fuel,Morning,Miss Ada,Sunday,Lubricant,969,"₦2,000","₦1,938,000",January,1,1,,
26/01/2025,Iwaya,Automotive Fuel,Morning,Miss Ada,Sunday,Diesel,11874,₦820,"₦9,736,680",January,1,1,,
26/01/2025,Iwaya,Automotive Fuel,Morning,Miss Ada,Sunday,LPG (kg),2674,₦850,"₦2,272,900",January,1,1,,
27/01/2025,Maryland,Cooking Gas,Morning,Mrs Chika,Monday,AGO,8968,₦750,"₦6,726,000",January,1,1,,
27/01/2025,Maryland,Cooking Gas,Morning,Mrs Chika,Monday,PMS,12359,₦650,"₦8,033,350",January,1,1,,
27/01/2025,Maryland,Cooking Gas,Morning,Mrs Chika,Monday,Lubricant,1433,"₦2,000","₦2,866,000",January,1,1,,
27/01/2025,Maryland,Cooking Gas,Morning,Mrs Chika,Monday,Diesel,17468,₦820,"₦14,323,760",January,1,1,,
27/01/2025,Maryland,Cooking Gas,Morning,Mrs Chika,Monday,LPG (kg),2993,₦850,"₦2,544,050",January,1,1,,
28/01/2025,Idimu,Lubricant,Afternoon,Miss Ada,Tuesday,AGO,9264,₦750,"₦6,948,000",January,1,1,,
28/01/2025,Idimu,Lubricant,Afternoon,Miss Ada,Tuesday,PMS,28742,₦650,"₦18,682,300",January,1,1,,
28/01/2025,Idimu,Lubricant,Afternoon,Miss Ada,Tuesday,Lubricant,730,"₦2,000","₦1,460,000",January,1,1,,
28/01/2025,Idimu,Lubricant,Afternoon,Miss Ada,Tuesday,Diesel,8388,₦820,"₦6,878,160",January,1,1,,
28/01/2025,Idimu,Lubricant,Afternoon,Miss Ada,Tuesday,LPG (kg),2244,₦850,"₦1,907,400",January,1,1,,
29/01/2025,Iwaya,Automotive Fuel,Afternoon,Mr Tunde,Wednesday,AGO,9588,₦750,"₦7,191,000",January,1,1,,
29/01/2025,Iwaya,Automotive Fuel,Afternoon,Mr Tunde,Wednesday,PMS,27272,₦650,"₦17,726,800",January,1,1,,
29/01/2025,Iwaya,Automotive Fuel,Afternoon,Mr Tunde,Wednesday,Lubricant,1224,"₦2,000","₦2,448,000",January,1,1,,
29/01/2025,Iwaya,Automotive Fuel,Afternoon,Mr Tunde,Wednesday,Diesel,15790,₦820,"₦12,947,800",January,1,1,,
29/01/2025,Iwaya,Automotive Fuel,Afternoon,Mr Tunde,Wednesday,LPG (kg),1203,₦850,"₦1,022,550",January,1,1,,
30/01/2025,Maryland,Cooking Gas,Morning,Mr John,Thursday,AGO,8231,₦750,"₦6,173,250",January,1,1,,
30/01/2025,Maryland,Cooking Gas,Morning,Mr John,Thursday,PMS,27138,₦650,"₦17,639,700",January,1,1,,
30/01/2025,Maryland,Cooking Gas,Morning,Mr John,Thursday,Lubricant,659,"₦2,000","₦1,318,000",January,1,1,,
30/01/2025,Maryland,Cooking Gas,Morning,Mr John,Thursday,Diesel,19604,₦820,"₦16,075,280",January,1,1,,
30/01/2025,Maryland,Cooking Gas,Morning,Mr John,Thursday,LPG (kg),2911,₦850,"₦2,474,350",January,1,1,,
31/01/2025,Idimu,Automotive Fuel,Night,Mr Tunde,Friday,AGO,5160,₦750,"₦3,870,000",January,1,1,,
31/01/2025,Idimu,Automotive Fuel,Night,Mr Tunde,Friday,PMS,22817,₦650,"₦14,831,050",January,1,1,,
31/01/2025,Idimu,Automotive Fuel,Night,Mr Tunde,Friday,Lubricant,987,"₦2,000","₦1,974,000",January,1,1,,
31/01/2025,Idimu,Automotive Fuel,Night,Mr Tunde,Friday,Diesel,16451,₦820,"₦13,489,820",January,1,1,,
31/01/2025,Idimu,Automotive Fuel,Night,Mr Tunde,Friday,LPG (kg),1075,₦850,"₦913,750",January,1,1,,
01/02/2025,Iwaya,Automotive Fuel,Morning,Mrs Chika,Saturday,AGO,11428,₦750,"₦8,571,000",February,2,1,,
01/02/2025,Iwaya,Automotive Fuel,Morning,Mrs Chika,Saturday,PMS,18985,₦650,"₦12,340,250",February,2,1,,
01/02/2025,Iwaya,Automotive Fuel,Morning,Mrs Chika,Saturday,Lubricant,1457,"₦2,000","₦2,914,000",February,2,1,,
01/02/2025,Iwaya,Automotive Fuel,Morning,Mrs Chika,Saturday,Diesel,17950,₦820,"₦14,719,000",February,2,1,,
01/02/2025,Iwaya,Automotive Fuel,Morning,Mrs Chika,Saturday,LPG (kg),2091,₦850,"₦1,777,350",February,2,1,,
02/02/2025,Maryland,Automotive Fuel,Afternoon,Mr John,Sunday,AGO,10884,₦750,"₦8,163,000",February,2,1,,
02/02/2025,Maryland,Automotive Fuel,Afternoon,Mr John,Sunday,PMS,22337,₦650,"₦14,519,050",February,2,1,,
02/02/2025,Maryland,Automotive Fuel,Afternoon,Mr John,Sunday,Lubricant,774,"₦2,000","₦1,548,000",February,2,1,,
02/02/2025,Maryland,Automotive Fuel,Afternoon,Mr John,Sunday,Diesel,14105,₦820,"₦11,566,100",February,2,1,,
02/02/2025,Maryland,Automotive Fuel,Afternoon,Mr John,Sunday,LPG (kg),1782,₦850,"₦1,514,700",February,2,1,,
03/02/2025,Idimu,Cooking Gas,Afternoon,Mr John,Monday,AGO,14869,₦750,"₦11,151,750",February,2,1,,
03/02/2025,Idimu,Cooking Gas,Afternoon,Mr John,Monday,PMS,25489,₦650,"₦16,567,850",February,2,1,,
03/02/2025,Idimu,Cooking Gas,Afternoon,Mr John,Monday,Lubricant,1475,"₦2,000","₦2,950,000",February,2,1,,
03/02/2025,Idimu,Cooking Gas,Afternoon,Mr John,Monday,Diesel,13432,₦820,"₦11,014,240",February,2,1,,
03/02/2025,Idimu,Cooking Gas,Afternoon,Mr John,Monday,LPG (kg),1046,₦850,"₦889,100",February,2,1,,
04/02/2025,Iwaya,Automotive Fuel,Night,Miss Ada,Tuesday,AGO,9331,₦750,"₦6,998,250",February,2,1,,
04/02/2025,Iwaya,Automotive Fuel,Night,Miss Ada,Tuesday,PMS,24348,₦650,"₦15,826,200",February,2,1,,
04/02/2025,Iwaya,Automotive Fuel,Night,Miss Ada,Tuesday,Lubricant,662,"₦2,000","₦1,324,000",February,2,1,,
04/02/2025,Iwaya,Automotive Fuel,Night,Miss Ada,Tuesday,Diesel,17398,₦820,"₦14,266,360",February,2,1,,
04/02/2025,Iwaya,Automotive Fuel,Night,Miss Ada,Tuesday,LPG (kg),2968,₦850,"₦2,522,800",February,2,1,,
05/02/2025,Maryland,Automotive Fuel,Morning,Mr Tunde,Wednesday,AGO,14148,₦750,"₦10,611,000",February,2,1,,
05/02/2025,Maryland,Automotive Fuel,Morning,Mr Tunde,Wednesday,PMS,11629,₦650,"₦7,558,850",February,2,1,,
05/02/2025,Maryland,Automotive Fuel,Morning,Mr Tunde,Wednesday,Lubricant,760,"₦2,000","₦1,520,000",February,2,1,,
05/02/2025,Maryland,Automotive Fuel,Morning,Mr Tunde,Wednesday,Diesel,10334,₦820,"₦8,473,880",February,2,1,,
05/02/2025,Maryland,Automotive Fuel,Morning,Mr Tunde,Wednesday,LPG (kg),1554,₦850,"₦1,320,900",February,2,1,,
06/02/2025,Idimu,Automotive Fuel,Afternoon,Miss Ada,Thursday,AGO,6919,₦750,"₦5,189,250",February,2,1,,
06/02/2025,Idimu,Automotive Fuel,Afternoon,Miss Ada,Thursday,PMS,16453,₦650,"₦10,694,450",February,2,1,,
06/02/2025,Idimu,Automotive Fuel,Afternoon,Miss Ada,Thursday,Lubricant,1086,"₦2,000","₦2,172,000",February,2,1,,
06/02/2025,Idimu,Automotive Fuel,Afternoon,Miss Ada,Thursday,Diesel,17928,₦820,"₦14,700,960",February,2,1,,
06/02/2025,Idimu,Automotive Fuel,Afternoon,Miss Ada,Thursday,LPG (kg),1538,₦850,"₦1,307,300",February,2,1,,
07/02/2025,Iwaya,Lubricant,Afternoon,Mr Tunde,Friday,AGO,5615,₦750,"₦4,211,250",February,2,1,,
07/02/2025,Iwaya,Lubricant,Afternoon,Mr Tunde,Friday,PMS,16657,₦650,"₦10,827,050",February,2,1,,
07/02/2025,Iwaya,Lubricant,Afternoon,Mr Tunde,Friday,Lubricant,956,"₦2,000","₦1,912,000",February,2,1,,
07/02/2025,Iwaya,Lubricant,Afternoon,Mr Tunde,Friday,Diesel,13203,₦820,"₦10,826,460",February,2,1,,
07/02/2025,Iwaya,Lubricant,Afternoon,Mr Tunde,Friday,LPG (kg),1887,₦850,"₦1,603,950",February,2,1,,
08/02/2025,Maryland,Lubricant,Night,Mr Tunde,Saturday,AGO,7289,₦750,"₦5,466,750",February,2,1,,
08/02/2025,Maryland,Lubricant,Night,Mr Tunde,Saturday,PMS,27708,₦650,"₦18,010,200",February,2,1,,
08/02/2025,Maryland,Lubricant,Night,Mr Tunde,Saturday,Lubricant,962,"₦2,000","₦1,924,000",February,2,1,,
08/02/2025,Maryland,Lubricant,Night,Mr Tunde,Saturday,Diesel,12372,₦820,"₦10,145,040",February,2,1,,
08/02/2025,Maryland,Lubricant,Night,Mr Tunde,Saturday,LPG (kg),1052,₦850,"₦894,200",February,2,1,,
09/02/2025,Idimu,Automotive Fuel,Night,Mr Tunde,Sunday,AGO,12533,₦750,"₦9,399,750",February,2,1,,
09/02/2025,Idimu,Automotive Fuel,Night,Mr Tunde,Sunday,PMS,29527,₦650,"₦19,192,550",February,2,1,,
09/02/2025,Idimu,Automotive Fuel,Night,Mr Tunde,Sunday,Lubricant,510,"₦2,000","₦1,020,000",February,2,1,,
09/02/2025,Idimu,Automotive Fuel,Night,Mr Tunde,Sunday,Diesel,15707,₦820,"₦12,879,740",February,2,1,,
09/02/2025,Idimu,Automotive Fuel,Night,Mr Tunde,Sunday,LPG (kg),2552,₦850,"₦2,169,200",February,2,1,,
10/02/2025,Iwaya,Lubricant,Afternoon,Mr John,Monday,AGO,10930,₦750,"₦8,197,500",February,2,1,,
10/02/2025,Iwaya,Lubricant,Afternoon,Mr John,Monday,PMS,17636,₦650,"₦11,463,400",February,2,1,,
10/02/2025,Iwaya,Lubricant,Afternoon,Mr John,Monday,Lubricant,1106,"₦2,000","₦2,212,000",February,2,1,,
10/02/2025,Iwaya,Lubricant,Afternoon,Mr John,Monday,Diesel,16257,₦820,"₦13,330,740",February,2,1,,
10/02/2025,Iwaya,Lubricant,Afternoon,Mr John,Monday,LPG (kg),1316,₦850,"₦1,118,600",February,2,1,,
11/02/2025,Maryland,Automotive Fuel,Morning,Mr John,Tuesday,AGO,6508,₦750,"₦4,881,000",February,2,1,,
11/02/2025,Maryland,Automotive Fuel,Morning,Mr John,Tuesday,PMS,24050,₦650,"₦15,632,500",February,2,1,,
11/02/2025,Maryland,Automotive Fuel,Morning,Mr John,Tuesday,Lubricant,716,"₦2,000","₦1,432,000",February,2,1,,
11/02/2025,Maryland,Automotive Fuel,Morning,Mr John,Tuesday,Diesel,16715,₦820,"₦13,706,300",February,2,1,,
11/02/2025,Maryland,Automotive Fuel,Morning,Mr John,Tuesday,LPG (kg),1318,₦850,"₦1,120,300",February,2,1,,
12/02/2025,Idimu,Lubricant,Morning,Mrs Chika,Wednesday,AGO,6895,₦750,"₦5,171,250",February,2,1,,
12/02/2025,Idimu,Lubricant,Morning,Mrs Chika,Wednesday,PMS,10498,₦650,"₦6,823,700",February,2,1,,
12/02/2025,Idimu,Lubricant,Morning,Mrs Chika,Wednesday,Lubricant,552,"₦2,000","₦1,104,000",February,2,1,,
12/02/2025,Idimu,Lubricant,Morning,Mrs Chika,Wednesday,Diesel,19659,₦820,"₦16,120,380",February,2,1,,
12/02/2025,Idimu,Lubricant,Morning,Mrs Chika,Wednesday,LPG (kg),1848,₦850,"₦1,570,800",February,2,1,,
13/02/2025,Iwaya,Lubricant,Afternoon,Mrs Chika,Thursday,AGO,10842,₦750,"₦8,131,500",February,2,1,,
13/02/2025,Iwaya,Lubricant,Afternoon,Mrs Chika,Thursday,PMS,27074,₦650,"₦17,598,100",February,2,1,,
13/02/2025,Iwaya,Lubricant,Afternoon,Mrs Chika,Thursday,Lubricant,859,"₦2,000","₦1,718,000",February,2,1,,
13/02/2025,Iwaya,Lubricant,Afternoon,Mrs Chika,Thursday,Diesel,15184,₦820,"₦12,450,880",February,2,1,,
13/02/2025,Iwaya,Lubricant,Afternoon,Mrs Chika,Thursday,LPG (kg),2837,₦850,"₦2,411,450",February,2,1,,
14/02/2025,Maryland,Cooking Gas,Morning,Miss Ada,Friday,AGO,10810,₦750,"₦8,107,500",February,2,1,,
14/02/2025,Maryland,Cooking Gas,Morning,Miss Ada,Friday,PMS,26145,₦650,"₦16,994,250",February,2,1,,
14/02/2025,Maryland,Cooking Gas,Morning,Miss Ada,Friday,Lubricant,867,"₦2,000","₦1,734,000",February,2,1,,
14/02/2025,Maryland,Cooking Gas,Morning,Miss Ada,Friday,Diesel,10548,₦820,"₦8,649,360",February,2,1,,
14/02/2025,Maryland,Cooking Gas,Morning,Miss Ada,Friday,LPG (kg),2977,₦850,"₦2,530,450",February,2,1,,
15/02/2025,Idimu,Cooking Gas,Morning,Miss Ada,Saturday,AGO,13200,₦750,"₦9,900,000",February,2,1,,
15/02/2025,Idimu,Cooking Gas,Morning,Miss Ada,Saturday,PMS,23877,₦650,"₦15,520,050",February,2,1,,
15/02/2025,Idimu,Cooking Gas,Morning,Miss Ada,Saturday,Lubricant,1359,"₦2,000","₦2,718,000",February,2,1,,
15/02/2025,Idimu,Cooking Gas,Morning,Miss Ada,Saturday,Diesel,16781,₦820,"₦13,760,420",February,2,1,,
15/02/2025,Idimu,Cooking Gas,Morning,Miss Ada,Saturday,LPG (kg),1452,₦850,"₦1,234,200",February,2,1,,
16/02/2025,Iwaya,Lubricant,Afternoon,Mr Tunde,Sunday,AGO,11176,₦750,"₦8,382,000",February,2,1,,
16/02/2025,Iwaya,Lubricant,Afternoon,Mr Tunde,Sunday,PMS,20034,₦650,"₦13,022,100",February,2,1,,
16/02/2025,Iwaya,Lubricant,Afternoon,Mr Tunde,Sunday,Lubricant,1463,"₦2,000","₦2,926,000",February,2,1,,
16/02/2025,Iwaya,Lubricant,Afternoon,Mr Tunde,Sunday,Diesel,8835,₦820,"₦7,244,700",February,2,1,,
16/02/2025,Iwaya,Lubricant,Afternoon,Mr Tunde,Sunday,LPG (kg),1909,₦850,"₦1,622,650",February,2,1,,
17/02/2025,Maryland,Cooking Gas,Afternoon,Mr Tunde,Monday,AGO,7409,₦750,"₦5,556,750",February,2,1,,
17/02/2025,Maryland,Cooking Gas,Afternoon,Mr Tunde,Monday,PMS,27019,₦650,"₦17,562,350",February,2,1,,
17/02/2025,Maryland,Cooking Gas,Afternoon,Mr Tunde,Monday,Lubricant,699,"₦2,000","₦1,398,000",February,2,1,,
17/02/2025,Maryland,Cooking Gas,Afternoon,Mr Tunde,Monday,Diesel,19838,₦820,"₦16,267,160",February,2,1,,
17/02/2025,Maryland,Cooking Gas,Afternoon,Mr Tunde,Monday,LPG (kg),1860,₦850,"₦1,581,000",February,2,1,,
18/02/2025,Idimu,Automotive Fuel,Afternoon,Miss Ada,Tuesday,AGO,13175,₦750,"₦9,881,250",February,2,1,,
18/02/2025,Idimu,Automotive Fuel,Afternoon,Miss Ada,Tuesday,PMS,12236,₦650,"₦7,953,400",February,2,1,,
18/02/2025,Idimu,Automotive Fuel,Afternoon,Miss Ada,Tuesday,Lubricant,1125,"₦2,000","₦2,250,000",February,2,1,,
18/02/2025,Idimu,Automotive Fuel,Afternoon,Miss Ada,Tuesday,Diesel,17412,₦820,"₦14,277,840",February,2,1,,
18/02/2025,Idimu,Automotive Fuel,Afternoon,Miss Ada,Tuesday,LPG (kg),2102,₦850,"₦1,786,700",February,2,1,,
19/02/2025,Iwaya,Cooking Gas,Night,Mr Tunde,Wednesday,AGO,9142,₦750,"₦6,856,500",February,2,1,,
19/02/2025,Iwaya,Cooking Gas,Night,Mr Tunde,Wednesday,PMS,15590,₦650,"₦10,133,500",February,2,1,,
19/02/2025,Iwaya,Cooking Gas,Night,Mr Tunde,Wednesday,Lubricant,883,"₦2,000","₦1,766,000",February,2,1,,
19/02/2025,Iwaya,Cooking Gas,Night,Mr Tunde,Wednesday,Diesel,11087,₦820,"₦9,091,340",February,2,1,,
19/02/2025,Iwaya,Cooking Gas,Night,Mr Tunde,Wednesday,LPG (kg),2689,₦850,"₦2,285,650",February,2,1,,
20/02/2025,Maryland,Cooking Gas,Night,Mr John,Thursday,AGO,9871,₦750,"₦7,403,250",February,2,1,,
20/02/2025,Maryland,Cooking Gas,Night,Mr John,Thursday,PMS,27845,₦650,"₦18,099,250",February,2,1,,
20/02/2025,Maryland,Cooking Gas,Night,Mr John,Thursday,Lubricant,500,"₦2,000","₦1,000,000",February,2,1,,
20/02/2025,Maryland,Cooking Gas,Night,Mr John,Thursday,Diesel,18812,₦820,"₦15,425,840",February,2,1,,
20/02/2025,Maryland,Cooking Gas,Night,Mr John,Thursday,LPG (kg),2745,₦850,"₦2,333,250",February,2,1,,
21/02/2025,Idimu,Automotive Fuel,Morning,Miss Ada,Friday,AGO,7058,₦750,"₦5,293,500",February,2,1,,
21/02/2025,Idimu,Automotive Fuel,Morning,Miss Ada,Friday,PMS,14531,₦650,"₦9,445,150",February,2,1,,
21/02/2025,Idimu,Automotive Fuel,Morning,Miss Ada,Friday,Lubricant,1441,"₦2,000","₦2,882,000",February,2,1,,
21/02/2025,Idimu,Automotive Fuel,Morning,Miss Ada,Friday,Diesel,12096,₦820,"₦9,918,720",February,2,1,,
21/02/2025,Idimu,Automotive Fuel,Morning,Miss Ada,Friday,LPG (kg),1898,₦850,"₦1,613,300",February,2,1,,
22/02/2025,Iwaya,Automotive Fuel,Afternoon,Mr Tunde,Saturday,AGO,10324,₦750,"₦7,743,000",February,2,1,,
22/02/2025,Iwaya,Automotive Fuel,Afternoon,Mr Tunde,Saturday,PMS,14727,₦650,"₦9,572,550",February,2,1,,
22/02/2025,Iwaya,Automotive Fuel,Afternoon,Mr Tunde,Saturday,Lubricant,817,"₦2,000","₦1,634,000",February,2,1,,
22/02/2025,Iwaya,Automotive Fuel,Afternoon,Mr Tunde,Saturday,Diesel,11847,₦820,"₦9,714,540",February,2,1,,
22/02/2025,Iwaya,Automotive Fuel,Afternoon,Mr Tunde,Saturday,LPG (kg),2517,₦850,"₦2,139,450",February,2,1,,
23/02/2025,Maryland,Lubricant,Afternoon,Mr John,Sunday,AGO,14106,₦750,"₦10,579,500",February,2,1,,
23/02/2025,Maryland,Lubricant,Afternoon,Mr John,Sunday,PMS,20333,₦650,"₦13,216,450",February,2,1,,
23/02/2025,Maryland,Lubricant,Afternoon,Mr John,Sunday,Lubricant,622,"₦2,000","₦1,244,000",February,2,1,,
23/02/2025,Maryland,Lubricant,Afternoon,Mr John,Sunday,Diesel,8341,₦820,"₦6,839,620",February,2,1,,
23/02/2025,Maryland,Lubricant,Afternoon,Mr John,Sunday,LPG (kg),2184,₦850,"₦1,856,400",February,2,1,,
24/02/2025,Idimu,Lubricant,Night,Mrs Chika,Monday,AGO,5992,₦750,"₦4,494,000",February,2,1,,
24/02/2025,Idimu,Lubricant,Night,Mrs Chika,Monday,PMS,13285,₦650,"₦8,635,250",February,2,1,,
24/02/2025,Idimu,Lubricant,Night,Mrs Chika,Monday,Lubricant,658,"₦2,000","₦1,316,000",February,2,1,,
24/02/2025,Idimu,Lubricant,Night,Mrs Chika,Monday,Diesel,17604,₦820,"₦14,435,280",February,2,1,,
24/02/2025,Idimu,Lubricant,Night,Mrs Chika,Monday,LPG (kg),2191,₦850,"₦1,862,350",February,2,1,,
25/02/2025,Iwaya,Lubricant,Afternoon,Mr John,Tuesday,AGO,9026,₦750,"₦6,769,500",February,2,1,,
25/02/2025,Iwaya,Lubricant,Afternoon,Mr John,Tuesday,PMS,20398,₦650,"₦13,258,700",February,2,1,,
25/02/2025,Iwaya,Lubricant,Afternoon,Mr John,Tuesday,Lubricant,691,"₦2,000","₦1,382,000",February,2,1,,
25/02/2025,Iwaya,Lubricant,Afternoon,Mr John,Tuesday,Diesel,10200,₦820,"₦8,364,000",February,2,1,,
25/02/2025,Iwaya,Lubricant,Afternoon,Mr John,Tuesday,LPG (kg),2199,₦850,"₦1,869,150",February,2,1,,
26/02/2025,Maryland,Cooking Gas,Night,Miss Ada,Wednesday,AGO,6359,₦750,"₦4,769,250",February,2,1,,
26/02/2025,Maryland,Cooking Gas,Night,Miss Ada,Wednesday,PMS,13034,₦650,"₦8,472,100",February,2,1,,
26/02/2025,Maryland,Cooking Gas,Night,Miss Ada,Wednesday,Lubricant,1027,"₦2,000","₦2,054,000",February,2,1,,
26/02/2025,Maryland,Cooking Gas,Night,Miss Ada,Wednesday,Diesel,12580,₦820,"₦10,315,600",February,2,1,,
26/02/2025,Maryland,Cooking Gas,Night,Miss Ada,Wednesday,LPG (kg),2664,₦850,"₦2,264,400",February,2,1,,
27/02/2025,Idimu,Automotive Fuel,Night,Miss Ada,Thursday,AGO,8225,₦750,"₦6,168,750",February,2,1,,
27/02/2025,Idimu,Automotive Fuel,Night,Miss Ada,Thursday,PMS,18473,₦650,"₦12,007,450",February,2,1,,
27/02/2025,Idimu,Automotive Fuel,Night,Miss Ada,Thursday,Lubricant,689,"₦2,000","₦1,378,000",February,2,1,,
27/02/2025,Idimu,Automotive Fuel,Night,Miss Ada,Thursday,Diesel,14494,₦820,"₦11,885,080",February,2,1,,
27/02/2025,Idimu,Automotive Fuel,Night,Miss Ada,Thursday,LPG (kg),2743,₦850,"₦2,331,550",February,2,1,,
28/02/2025,Iwaya,Lubricant,Afternoon,Mr John,Friday,AGO,6639,₦750,"₦4,979,250",February,2,1,,
28/02/2025,Iwaya,Lubricant,Afternoon,Mr John,Friday,PMS,12544,₦650,"₦8,153,600",February,2,1,,
28/02/2025,Iwaya,Lubricant,Afternoon,Mr John,Friday,Lubricant,507,"₦2,000","₦1,014,000",February,2,1,,
28/02/2025,Iwaya,Lubricant,Afternoon,Mr John,Friday,Diesel,8227,₦820,"₦6,746,140",February,2,1,,
28/02/2025,Iwaya,Lubricant,Afternoon,Mr John,Friday,LPG (kg),1238,₦850,"₦1,052,300",February,2,1,,
01/03/2025,Maryland,Lubricant,Afternoon,Miss Ada,Saturday,AGO,11079,₦750,"₦8,309,250",March,3,1,,
01/03/2025,Maryland,Lubricant,Afternoon,Miss Ada,Saturday,PMS,29586,₦650,"₦19,230,900",March,3,1,,
01/03/2025,Maryland,Lubricant,Afternoon,Miss Ada,Saturday,Lubricant,1052,"₦2,000","₦2,104,000",March,3,1,,
01/03/2025,Maryland,Lubricant,Afternoon,Miss Ada,Saturday,Diesel,10981,₦820,"₦9,004,420",March,3,1,,
01/03/2025,Maryland,Lubricant,Afternoon,Miss Ada,Saturday,LPG (kg),2531,₦850,"₦2,151,350",March,3,1,,
02/03/2025,Idimu,Automotive Fuel,Morning,Mr Tunde,Sunday,AGO,10959,₦750,"₦8,219,250",March,3,1,,
02/03/2025,Idimu,Automotive Fuel,Morning,Mr Tunde,Sunday,PMS,13386,₦650,"₦8,700,900",March,3,1,,
02/03/2025,Idimu,Automotive Fuel,Morning,Mr Tunde,Sunday,Lubricant,1175,"₦2,000","₦2,350,000",March,3,1,,
02/03/2025,Idimu,Automotive Fuel,Morning,Mr Tunde,Sunday,Diesel,15547,₦820,"₦12,748,540",March,3,1,,
02/03/2025,Idimu,Automotive Fuel,Morning,Mr Tunde,Sunday,LPG (kg),2289,₦850,"₦1,945,650",March,3,1,,
03/03/2025,Iwaya,Cooking Gas,Night,Mr Tunde,Monday,AGO,7242,₦750,"₦5,431,500",March,3,1,,
03/03/2025,Iwaya,Cooking Gas,Night,Mr Tunde,Monday,PMS,28384,₦650,"₦18,449,600",March,3,1,,
03/03/2025,Iwaya,Cooking Gas,Night,Mr Tunde,Monday,Lubricant,684,"₦2,000","₦1,368,000",March,3,1,,
03/03/2025,Iwaya,Cooking Gas,Night,Mr Tunde,Monday,Diesel,13333,₦820,"₦10,933,060",March,3,1,,
03/03/2025,Iwaya,Cooking Gas,Night,Mr Tunde,Monday,LPG (kg),2895,₦850,"₦2,460,750",March,3,1,,
04/03/2025,Maryland,Lubricant,Afternoon,Mrs Chika,Tuesday,AGO,6759,₦750,"₦5,069,250",March,3,1,,
04/03/2025,Maryland,Lubricant,Afternoon,Mrs Chika,Tuesday,PMS,20349,₦650,"₦13,226,850",March,3,1,,
04/03/2025,Maryland,Lubricant,Afternoon,Mrs Chika,Tuesday,Lubricant,1100,"₦2,000","₦2,200,000",March,3,1,,
04/03/2025,Maryland,Lubricant,Afternoon,Mrs Chika,Tuesday,Diesel,12693,₦820,"₦10,408,260",March,3,1,,
04/03/2025,Maryland,Lubricant,Afternoon,Mrs Chika,Tuesday,LPG (kg),1218,₦850,"₦1,035,300",March,3,1,,
05/03/2025,Idimu,Lubricant,Night,Mr Tunde,Wednesday,AGO,7131,₦750,"₦5,348,250",March,3,1,,
05/03/2025,Idimu,Lubricant,Night,Mr Tunde,Wednesday,PMS,19952,₦650,"₦12,968,800",March,3,1,,
05/03/2025,Idimu,Lubricant,Night,Mr Tunde,Wednesday,Lubricant,1229,"₦2,000","₦2,458,000",March,3,1,,
05/03/2025,Idimu,Lubricant,Night,Mr Tunde,Wednesday,Diesel,8112,₦820,"₦6,651,840",March,3,1,,
05/03/2025,Idimu,Lubricant,Night,Mr Tunde,Wednesday,LPG (kg),2046,₦850,"₦1,739,100",March,3,1,,
06/03/2025,Iwaya,Lubricant,Afternoon,Mrs Chika,Thursday,AGO,5793,₦750,"₦4,344,750",March,3,1,,
06/03/2025,Iwaya,Lubricant,Afternoon,Mrs Chika,Thursday,PMS,29619,₦650,"₦19,252,350",March,3,1,,
06/03/2025,Iwaya,Lubricant,Afternoon,Mrs Chika,Thursday,Lubricant,830,"₦2,000","₦1,660,000",March,3,1,,
06/03/2025,Iwaya,Lubricant,Afternoon,Mrs Chika,Thursday,Diesel,12766,₦820,"₦10,468,120",March,3,1,,
06/03/2025,Iwaya,Lubricant,Afternoon,Mrs Chika,Thursday,LPG (kg),1989,₦850,"₦1,690,650",March,3,1,,
07/03/2025,Maryland,Automotive Fuel,Morning,Mr John,Friday,AGO,7174,₦750,"₦5,380,500",March,3,1,,
07/03/2025,Maryland,Automotive Fuel,Morning,Mr John,Friday,PMS,10727,₦650,"₦6,972,550",March,3,1,,
07/03/2025,Maryland,Automotive Fuel,Morning,Mr John,Friday,Lubricant,1468,"₦2,000","₦2,936,000",March,3,1,,
07/03/2025,Maryland,Automotive Fuel,Morning,Mr John,Friday,Diesel,9891,₦820,"₦8,110,620",March,3,1,,
07/03/2025,Maryland,Automotive Fuel,Morning,Mr John,Friday,LPG (kg),1591,₦850,"₦1,352,350",March,3,1,,
08/03/2025,Idimu,Cooking Gas,Morning,Mr John,Saturday,AGO,7488,₦750,"₦5,616,000",March,3,1,,
08/03/2025,Idimu,Cooking Gas,Morning,Mr John,Saturday,PMS,12402,₦650,"₦8,061,300",March,3,1,,
08/03/2025,Idimu,Cooking Gas,Morning,Mr John,Saturday,Lubricant,905,"₦2,000","₦1,810,000",March,3,1,,
08/03/2025,Idimu,Cooking Gas,Morning,Mr John,Saturday,Diesel,12449,₦820,"₦10,208,180",March,3,1,,
08/03/2025,Idimu,Cooking Gas,Morning,Mr John,Saturday,LPG (kg),2302,₦850,"₦1,956,700",March,3,1,,
09/03/2025,Iwaya,Lubricant,Night,Mr John,Sunday,AGO,6086,₦750,"₦4,564,500",March,3,1,,
09/03/2025,Iwaya,Lubricant,Night,Mr John,Sunday,PMS,12759,₦650,"₦8,293,350",March,3,1,,
09/03/2025,Iwaya,Lubricant,Night,Mr John,Sunday,Lubricant,626,"₦2,000","₦1,252,000",March,3,1,,
09/03/2025,Iwaya,Lubricant,Night,Mr John,Sunday,Diesel,14822,₦820,"₦12,154,040",March,3,1,,
09/03/2025,Iwaya,Lubricant,Night,Mr John,Sunday,LPG (kg),1773,₦850,"₦1,507,050",March,3,1,,
10/03/2025,Maryland,Lubricant,Afternoon,Mrs Chika,Monday,AGO,12009,₦750,"₦9,006,750",March,3,1,,
10/03/2025,Maryland,Lubricant,Afternoon,Mrs Chika,Monday,PMS,24594,₦650,"₦15,986,100",March,3,1,,
10/03/2025,Maryland,Lubricant,Afternoon,Mrs Chika,Monday,Lubricant,1209,"₦2,000","₦2,418,000",March,3,1,,
10/03/2025,Maryland,Lubricant,Afternoon,Mrs Chika,Monday,Diesel,10605,₦820,"₦8,696,100",March,3,1,,
10/03/2025,Maryland,Lubricant,Afternoon,Mrs Chika,Monday,LPG (kg),2983,₦850,"₦2,535,550",March,3,1,,
11/03/2025,Idimu,Cooking Gas,Morning,Miss Ada,Tuesday,AGO,9323,₦750,"₦6,992,250",March,3,1,,
11/03/2025,Idimu,Cooking Gas,Morning,Miss Ada,Tuesday,PMS,22035,₦650,"₦14,322,750",March,3,1,,
11/03/2025,Idimu,Cooking Gas,Morning,Miss Ada,Tuesday,Lubricant,1483,"₦2,000","₦2,966,000",March,3,1,,
11/03/2025,Idimu,Cooking Gas,Morning,Miss Ada,Tuesday,Diesel,12480,₦820,"₦10,233,600",March,3,1,,
11/03/2025,Idimu,Cooking Gas,Morning,Miss Ada,Tuesday,LPG (kg),1706,₦850,"₦1,450,100",March,3,1,,
12/03/2025,Iwaya,Cooking Gas,Morning,Mrs Chika,Wednesday,AGO,10395,₦750,"₦7,796,250",March,3,1,,
12/03/2025,Iwaya,Cooking Gas,Morning,Mrs Chika,Wednesday,PMS,15744,₦650,"₦10,233,600",March,3,1,,
12/03/2025,Iwaya,Cooking Gas,Morning,Mrs Chika,Wednesday,Lubricant,796,"₦2,000","₦1,592,000",March,3,1,,
12/03/2025,Iwaya,Cooking Gas,Morning,Mrs Chika,Wednesday,Diesel,12853,₦820,"₦10,539,460",March,3,1,,
12/03/2025,Iwaya,Cooking Gas,Morning,Mrs Chika,Wednesday,LPG (kg),1317,₦850,"₦1,119,450",March,3,1,,
13/03/2025,Maryland,Cooking Gas,Night,Mr Tunde,Thursday,AGO,7569,₦750,"₦5,676,750",March,3,1,,
13/03/2025,Maryland,Cooking Gas,Night,Mr Tunde,Thursday,PMS,20349,₦650,"₦13,226,850",March,3,1,,
13/03/2025,Maryland,Cooking Gas,Night,Mr Tunde,Thursday,Lubricant,557,"₦2,000","₦1,114,000",March,3,1,,
13/03/2025,Maryland,Cooking Gas,Night,Mr Tunde,Thursday,Diesel,19758,₦820,"₦16,201,560",March,3,1,,
13/03/2025,Maryland,Cooking Gas,Night,Mr Tunde,Thursday,LPG (kg),2975,₦850,"₦2,528,750",March,3,1,,
14/03/2025,Idimu,Cooking Gas,Night,Mr John,Friday,AGO,10134,₦750,"₦7,600,500",March,3,1,,
14/03/2025,Idimu,Cooking Gas,Night,Mr John,Friday,PMS,18103,₦650,"₦11,766,950",March,3,1,,
14/03/2025,Idimu,Cooking Gas,Night,Mr John,Friday,Lubricant,519,"₦2,000","₦1,038,000",March,3,1,,
14/03/2025,Idimu,Cooking Gas,Night,Mr John,Friday,Diesel,8182,₦820,"₦6,709,240",March,3,1,,
14/03/2025,Idimu,Cooking Gas,Night,Mr John,Friday,LPG (kg),1074,₦850,"₦912,900",March,3,1,,
15/03/2025,Iwaya,Automotive Fuel,Afternoon,Mr John,Saturday,AGO,11555,₦750,"₦8,666,250",March,3,1,,
15/03/2025,Iwaya,Automotive Fuel,Afternoon,Mr John,Saturday,PMS,22352,₦650,"₦14,528,800",March,3,1,,
15/03/2025,Iwaya,Automotive Fuel,Afternoon,Mr John,Saturday,Lubricant,1467,"₦2,000","₦2,934,000",March,3,1,,
15/03/2025,Iwaya,Automotive Fuel,Afternoon,Mr John,Saturday,Diesel,17943,₦820,"₦14,713,260",March,3,1,,
15/03/2025,Iwaya,Automotive Fuel,Afternoon,Mr John,Saturday,LPG (kg),1559,₦850,"₦1,325,150",March,3,1,,
16/03/2025,Maryland,Automotive Fuel,Morning,Mr John,Sunday,AGO,10029,₦750,"₦7,521,750",March,3,1,,
16/03/2025,Maryland,Automotive Fuel,Morning,Mr John,Sunday,PMS,11572,₦650,"₦7,521,800",March,3,1,,
16/03/2025,Maryland,Automotive Fuel,Morning,Mr John,Sunday,Lubricant,1037,"₦2,000","₦2,074,000",March,3,1,,
16/03/2025,Maryland,Automotive Fuel,Morning,Mr John,Sunday,Diesel,13646,₦820,"₦11,189,720",March,3,1,,
16/03/2025,Maryland,Automotive Fuel,Morning,Mr John,Sunday,LPG (kg),1280,₦850,"₦1,088,000",March,3,1,,
17/03/2025,Idimu,Automotive Fuel,Night,Miss Ada,Monday,AGO,14012,₦750,"₦10,509,000",March,3,1,,
17/03/2025,Idimu,Automotive Fuel,Night,Miss Ada,Monday,PMS,21807,₦650,"₦14,174,550",March,3,1,,
17/03/2025,Idimu,Automotive Fuel,Night,Miss Ada,Monday,Lubricant,1247,"₦2,000","₦2,494,000",March,3,1,,
17/03/2025,Idimu,Automotive Fuel,Night,Miss Ada,Monday,Diesel,19161,₦820,"₦15,712,020",March,3,1,,
17/03/2025,Idimu,Automotive Fuel,Night,Miss Ada,Monday,LPG (kg),1664,₦850,"₦1,414,400",March,3,1,,
18/03/2025,Iwaya,Cooking Gas,Morning,Miss Ada,Tuesday,AGO,9609,₦750,"₦7,206,750",March,3,1,,
18/03/2025,Iwaya,Cooking Gas,Morning,Miss Ada,Tuesday,PMS,23998,₦650,"₦15,598,700",March,3,1,,
18/03/2025,Iwaya,Cooking Gas,Morning,Miss Ada,Tuesday,Lubricant,765,"₦2,000","₦1,530,000",March,3,1,,
18/03/2025,Iwaya,Cooking Gas,Morning,Miss Ada,Tuesday,Diesel,10190,₦820,"₦8,355,800",March,3,1,,
18/03/2025,Iwaya,Cooking Gas,Morning,Miss Ada,Tuesday,LPG (kg),1196,₦850,"₦1,016,600",March,3,1,,
19/03/2025,Maryland,Lubricant,Afternoon,Mr John,Wednesday,AGO,14121,₦750,"₦10,590,750",March,3,1,,
19/03/2025,Maryland,Lubricant,Afternoon,Mr John,Wednesday,PMS,26802,₦650,"₦17,421,300",March,3,1,,
19/03/2025,Maryland,Lubricant,Afternoon,Mr John,Wednesday,Lubricant,1442,"₦2,000","₦2,884,000",March,3,1,,
19/03/2025,Maryland,Lubricant,Afternoon,Mr John,Wednesday,Diesel,18785,₦820,"₦15,403,700",March,3,1,,
19/03/2025,Maryland,Lubricant,Afternoon,Mr John,Wednesday,LPG (kg),1219,₦850,"₦1,036,150",March,3,1,,
20/03/2025,Idimu,Lubricant,Night,Mr John,Thursday,AGO,6382,₦750,"₦4,786,500",March,3,1,,
20/03/2025,Idimu,Lubricant,Night,Mr John,Thursday,PMS,10664,₦650,"₦6,931,600",March,3,1,,
20/03/2025,Idimu,Lubricant,Night,Mr John,Thursday,Lubricant,809,"₦2,000","₦1,618,000",March,3,1,,
20/03/2025,Idimu,Lubricant,Night,Mr John,Thursday,Diesel,16028,₦820,"₦13,142,960",March,3,1,,
20/03/2025,Idimu,Lubricant,Night,Mr John,Thursday,LPG (kg),2402,₦850,"₦2,041,700",March,3,1,,
21/03/2025,Iwaya,Automotive Fuel,Night,Mr John,Friday,AGO,5975,₦750,"₦4,481,250",March,3,1,,
21/03/2025,Iwaya,Automotive Fuel,Night,Mr John,Friday,PMS,11860,₦650,"₦7,709,000",March,3,1,,
21/03/2025,Iwaya,Automotive Fuel,Night,Mr John,Friday,Lubricant,1096,"₦2,000","₦2,192,000",March,3,1,,
21/03/2025,Iwaya,Automotive Fuel,Night,Mr John,Friday,Diesel,10146,₦820,"₦8,319,720",March,3,1,,
21/03/2025,Iwaya,Automotive Fuel,Night,Mr John,Friday,LPG (kg),2122,₦850,"₦1,803,700",March,3,1,,
22/03/2025,Maryland,Automotive Fuel,Night,Mrs Chika,Saturday,AGO,9118,₦750,"₦6,838,500",March,3,1,,
22/03/2025,Maryland,Automotive Fuel,Night,Mrs Chika,Saturday,PMS,19079,₦650,"₦12,401,350",March,3,1,,
22/03/2025,Maryland,Automotive Fuel,Night,Mrs Chika,Saturday,Lubricant,1307,"₦2,000","₦2,614,000",March,3,1,,
22/03/2025,Maryland,Automotive Fuel,Night,Mrs Chika,Saturday,Diesel,10949,₦820,"₦8,978,180",March,3,1,,
22/03/2025,Maryland,Automotive Fuel,Night,Mrs Chika,Saturday,LPG (kg),2770,₦850,"₦2,354,500",March,3,1,,
23/03/2025,Idimu,Lubricant,Morning,Mr John,Sunday,AGO,14818,₦750,"₦11,113,500",March,3,1,,
23/03/2025,Idimu,Lubricant,Morning,Mr John,Sunday,PMS,21407,₦650,"₦13,914,550",March,3,1,,
23/03/2025,Idimu,Lubricant,Morning,Mr John,Sunday,Lubricant,857,"₦2,000","₦1,714,000",March,3,1,,
23/03/2025,Idimu,Lubricant,Morning,Mr John,Sunday,Diesel,12590,₦820,"₦10,323,800",March,3,1,,
23/03/2025,Idimu,Lubricant,Morning,Mr John,Sunday,LPG (kg),1837,₦850,"₦1,561,450",March,3,1,,
24/03/2025,Iwaya,Lubricant,Afternoon,Miss Ada,Monday,AGO,14859,₦750,"₦11,144,250",March,3,1,,
24/03/2025,Iwaya,Lubricant,Afternoon,Miss Ada,Monday,PMS,22096,₦650,"₦14,362,400",March,3,1,,
24/03/2025,Iwaya,Lubricant,Afternoon,Miss Ada,Monday,Lubricant,1166,"₦2,000","₦2,332,000",March,3,1,,
24/03/2025,Iwaya,Lubricant,Afternoon,Miss Ada,Monday,Diesel,13650,₦820,"₦11,193,000",March,3,1,,
24/03/2025,Iwaya,Lubricant,Afternoon,Miss Ada,Monday,LPG (kg),1323,₦850,"₦1,124,550",March,3,1,,
25/03/2025,Maryland,Lubricant,Night,Mr John,Tuesday,AGO,7595,₦750,"₦5,696,250",March,3,1,,
25/03/2025,Maryland,Lubricant,Night,Mr John,Tuesday,PMS,18967,₦650,"₦12,328,550",March,3,1,,
25/03/2025,Maryland,Lubricant,Night,Mr John,Tuesday,Lubricant,714,"₦2,000","₦1,428,000",March,3,1,,
25/03/2025,Maryland,Lubricant,Night,Mr John,Tuesday,Diesel,13185,₦820,"₦10,811,700",March,3,1,,
25/03/2025,Maryland,Lubricant,Night,Mr John,Tuesday,LPG (kg),2878,₦850,"₦2,446,300",March,3,1,,
26/03/2025,Idimu,Automotive Fuel,Afternoon,Miss Ada,Wednesday,AGO,6410,₦750,"₦4,807,500",March,3,1,,
26/03/2025,Idimu,Automotive Fuel,Afternoon,Miss Ada,Wednesday,PMS,22394,₦650,"₦14,556,100",March,3,1,,
26/03/2025,Idimu,Automotive Fuel,Afternoon,Miss Ada,Wednesday,Lubricant,960,"₦2,000","₦1,920,000",March,3,1,,
26/03/2025,Idimu,Automotive Fuel,Afternoon,Miss Ada,Wednesday,Diesel,12503,₦820,"₦10,252,460",March,3,1,,
26/03/2025,Idimu,Automotive Fuel,Afternoon,Miss Ada,Wednesday,LPG (kg),2191,₦850,"₦1,862,350",March,3,1,,
27/03/2025,Iwaya,Lubricant,Afternoon,Mrs Chika,Thursday,AGO,5347,₦750,"₦4,010,250",March,3,1,,
27/03/2025,Iwaya,Lubricant,Afternoon,Mrs Chika,Thursday,PMS,28564,₦650,"₦18,566,600",March,3,1,,
27/03/2025,Iwaya,Lubricant,Afternoon,Mrs Chika,Thursday,Lubricant,1313,"₦2,000","₦2,626,000",March,3,1,,
27/03/2025,Iwaya,Lubricant,Afternoon,Mrs Chika,Thursday,Diesel,15007,₦820,"₦12,305,740",March,3,1,,
27/03/2025,Iwaya,Lubricant,Afternoon,Mrs Chika,Thursday,LPG (kg),1529,₦850,"₦1,299,650",March,3,1,,
28/03/2025,Maryland,Lubricant,Night,Mr Tunde,Friday,AGO,8467,₦750,"₦6,350,250",March,3,1,,
28/03/2025,Maryland,Lubricant,Night,Mr Tunde,Friday,PMS,16953,₦650,"₦11,019,450",March,3,1,,
28/03/2025,Maryland,Lubricant,Night,Mr Tunde,Friday,Lubricant,979,"₦2,000","₦1,958,000",March,3,1,,
28/03/2025,Maryland,Lubricant,Night,Mr Tunde,Friday,Diesel,18134,₦820,"₦14,869,880",March,3,1,,
28/03/2025,Maryland,Lubricant,Night,Mr Tunde,Friday,LPG (kg),2077,₦850,"₦1,765,450",March,3,1,,
29/03/2025,Idimu,Lubricant,Afternoon,Mr Tunde,Saturday,AGO,13615,₦750,"₦10,211,250",March,3,1,,
29/03/2025,Idimu,Lubricant,Afternoon,Mr Tunde,Saturday,PMS,27772,₦650,"₦18,051,800",March,3,1,,
29/03/2025,Idimu,Lubricant,Afternoon,Mr Tunde,Saturday,Lubricant,1075,"₦2,000","₦2,150,000",March,3,1,,
29/03/2025,Idimu,Lubricant,Afternoon,Mr Tunde,Saturday,Diesel,11371,₦820,"₦9,324,220",March,3,1,,
29/03/2025,Idimu,Lubricant,Afternoon,Mr Tunde,Saturday,LPG (kg),1461,₦850,"₦1,241,850",March,3,1,,
30/03/2025,Iwaya,Automotive Fuel,Night,Mrs Chika,Sunday,AGO,6340,₦750,"₦4,755,000",March,3,1,,
30/03/2025,Iwaya,Automotive Fuel,Night,Mrs Chika,Sunday,PMS,19253,₦650,"₦12,514,450",March,3,1,,
30/03/2025,Iwaya,Automotive Fuel,Night,Mrs Chika,Sunday,Lubricant,1412,"₦2,000","₦2,824,000",March,3,1,,
30/03/2025,Iwaya,Automotive Fuel,Night,Mrs Chika,Sunday,Diesel,16755,₦820,"₦13,739,100",March,3,1,,
30/03/2025,Iwaya,Automotive Fuel,Night,Mrs Chika,Sunday,LPG (kg),1678,₦850,"₦1,426,300",March,3,1,,
31/03/2025,Maryland,Cooking Gas,Night,Mr John,Monday,AGO,7504,₦750,"₦5,628,000",March,3,1,,
31/03/2025,Maryland,Cooking Gas,Night,Mr John,Monday,PMS,23241,₦650,"₦15,106,650",March,3,1,,
31/03/2025,Maryland,Cooking Gas,Night,Mr John,Monday,Lubricant,1448,"₦2,000","₦2,896,000",March,3,1,,
31/03/2025,Maryland,Cooking Gas,Night,Mr John,Monday,Diesel,18393,₦820,"₦15,082,260",March,3,1,,
31/03/2025,Maryland,Cooking Gas,Night,Mr John,Monday,LPG (kg),1476,₦850,"₦1,254,600",March,3,1,,
01/01/2025,Idimu,Cooking Gas,Night,Mr Tunde,Wednesday,AGO,11431,₦750,"₦8,573,250",January,1,1,,
01/01/2025,Idimu,Cooking Gas,Night,Mr Tunde,Wednesday,PMS,16756,₦650,"₦10,891,400",January,1,1,,
01/01/2025,Idimu,Cooking Gas,Night,Mr Tunde,Wednesday,Lubricant,1195,"₦2,000","₦2,390,000",January,1,1,,
01/01/2025,Idimu,Cooking Gas,Night,Mr Tunde,Wednesday,Diesel,17711,₦820,"₦14,523,020",January,1,1,,
01/01/2025,Idimu,Cooking Gas,Night,Mr Tunde,Wednesday,LPG (kg),1297,₦850,"₦1,102,450",January,1,1,,
02/01/2025,Iwaya,Lubricant,Afternoon,Mr John,Thursday,AGO,9696,₦750,"₦7,272,000",January,1,1,,
02/01/2025,Iwaya,Lubricant,Afternoon,Mr John,Thursday,PMS,13145,₦650,"₦8,544,250",January,1,1,,
02/01/2025,Iwaya,Lubricant,Afternoon,Mr John,Thursday,Lubricant,640,"₦2,000","₦1,280,000",January,1,1,,
02/01/2025,Iwaya,Lubricant,Afternoon,Mr John,Thursday,Diesel,13138,₦820,"₦10,773,160",January,1,1,,
02/01/2025,Iwaya,Lubricant,Afternoon,Mr John,Thursday,LPG (kg),2913,₦850,"₦2,476,050",January,1,1,,
03/01/2025,Maryland,Automotive Fuel,Afternoon,Mr John,Friday,AGO,9939,₦750,"₦7,454,250",January,1,1,,
03/01/2025,Maryland,Automotive Fuel,Afternoon,Mr John,Friday,PMS,29749,₦650,"₦19,336,850",January,1,1,,
03/01/2025,Maryland,Automotive Fuel,Afternoon,Mr John,Friday,Lubricant,1395,"₦2,000","₦2,790,000",January,1,1,,
03/01/2025,Maryland,Automotive Fuel,Afternoon,Mr John,Friday,Diesel,16215,₦820,"₦13,296,300",January,1,1,,
03/01/2025,Maryland,Automotive Fuel,Afternoon,Mr John,Friday,LPG (kg),1147,₦850,"₦974,950",January,1,1,,
04/01/2025,Idimu,Cooking Gas,Night,Miss Ada,Saturday,AGO,10313,₦750,"₦7,734,750",January,1,1,,
04/01/2025,Idimu,Cooking Gas,Night,Miss Ada,Saturday,PMS,18747,₦650,"₦12,185,550",January,1,1,,
04/01/2025,Idimu,Cooking Gas,Night,Miss Ada,Saturday,Lubricant,574,"₦2,000","₦1,148,000",January,1,1,,
04/01/2025,Idimu,Cooking Gas,Night,Miss Ada,Saturday,Diesel,15295,₦820,"₦12,541,900",January,1,1,,
04/01/2025,Idimu,Cooking Gas,Night,Miss Ada,Saturday,LPG (kg),1761,₦850,"₦1,496,850",January,1,1,,
05/01/2025,Iwaya,Lubricant,Night,Miss Ada,Sunday,AGO,10333,₦750,"₦7,749,750",January,1,1,,
05/01/2025,Iwaya,Lubricant,Night,Miss Ada,Sunday,PMS,21839,₦650,"₦14,195,350",January,1,1,,
05/01/2025,Iwaya,Lubricant,Night,Miss Ada,Sunday,Lubricant,1442,"₦2,000","₦2,884,000",January,1,1,,
05/01/2025,Iwaya,Lubricant,Night,Miss Ada,Sunday,Diesel,16707,₦820,"₦13,699,740",January,1,1,,
05/01/2025,Iwaya,Lubricant,Night,Miss Ada,Sunday,LPG (kg),1898,₦850,"₦1,613,300",January,1,1,,
06/01/2025,Maryland,Lubricant,Afternoon,Mr John,Monday,AGO,7358,₦750,"₦5,518,500",January,1,1,,
06/01/2025,Maryland,Lubricant,Afternoon,Mr John,Monday,PMS,10887,₦650,"₦7,076,550",January,1,1,,
06/01/2025,Maryland,Lubricant,Afternoon,Mr John,Monday,Lubricant,1382,"₦2,000","₦2,764,000",January,1,1,,
06/01/2025,Maryland,Lubricant,Afternoon,Mr John,Monday,Diesel,15473,₦820,"₦12,687,860",January,1,1,,
06/01/2025,Maryland,Lubricant,Afternoon,Mr John,Monday,LPG (kg),1198,₦850,"₦1,018,300",January,1,1,,
07/01/2025,Idimu,Automotive Fuel,Night,Miss Ada,Tuesday,AGO,6394,₦750,"₦4,795,500",January,1,1,,
07/01/2025,Idimu,Automotive Fuel,Night,Miss Ada,Tuesday,PMS,15526,₦650,"₦10,091,900",January,1,1,,
07/01/2025,Idimu,Automotive Fuel,Night,Miss Ada,Tuesday,Lubricant,1153,"₦2,000","₦2,306,000",January,1,1,,
07/01/2025,Idimu,Automotive Fuel,Night,Miss Ada,Tuesday,Diesel,19973,₦820,"₦16,377,860",January,1,1,,
07/01/2025,Idimu,Automotive Fuel,Night,Miss Ada,Tuesday,LPG (kg),1718,₦850,"₦1,460,300",January,1,1,,
08/01/2025,Iwaya,Cooking Gas,Afternoon,Miss Ada,Wednesday,AGO,5438,₦750,"₦4,078,500",January,1,1,,
08/01/2025,Iwaya,Cooking Gas,Afternoon,Miss Ada,Wednesday,PMS,15395,₦650,"₦10,006,750",January,1,1,,
08/01/2025,Iwaya,Cooking Gas,Afternoon,Miss Ada,Wednesday,Lubricant,1434,"₦2,000","₦2,868,000",January,1,1,,
08/01/2025,Iwaya,Cooking Gas,Afternoon,Miss Ada,Wednesday,Diesel,10896,₦820,"₦8,934,720",January,1,1,,
08/01/2025,Iwaya,Cooking Gas,Afternoon,Miss Ada,Wednesday,LPG (kg),1153,₦850,"₦980,050",January,1,1,,
09/01/2025,Maryland,Cooking Gas,Morning,Mrs Chika,Thursday,AGO,10546,₦750,"₦7,909,500",January,1,1,,
09/01/2025,Maryland,Cooking Gas,Morning,Mrs Chika,Thursday,PMS,10365,₦650,"₦6,737,250",January,1,1,,
09/01/2025,Maryland,Cooking Gas,Morning,Mrs Chika,Thursday,Lubricant,574,"₦2,000","₦1,148,000",January,1,1,,
09/01/2025,Maryland,Cooking Gas,Morning,Mrs Chika,Thursday,Diesel,8917,₦820,"₦7,311,940",January,1,1,,
09/01/2025,Maryland,Cooking Gas,Morning,Mrs Chika,Thursday,LPG (kg),2522,₦850,"₦2,143,700",January,1,1,,
10/01/2025,Idimu,Automotive Fuel,Night,Miss Ada,Friday,AGO,6181,₦750,"₦4,635,750",January,1,1,,
10/01/2025,Idimu,Automotive Fuel,Night,Miss Ada,Friday,PMS,22766,₦650,"₦14,797,900",January,1,1,,
10/01/2025,Idimu,Automotive Fuel,Night,Miss Ada,Friday,Lubricant,1325,"₦2,000","₦2,650,000",January,1,1,,
10/01/2025,Idimu,Automotive Fuel,Night,Miss Ada,Friday,Diesel,11738,₦820,"₦9,625,160",January,1,1,,
10/01/2025,Idimu,Automotive Fuel,Night,Miss Ada,Friday,LPG (kg),1893,₦850,"₦1,609,050",January,1,1,,
11/01/2025,Iwaya,Automotive Fuel,Morning,Mr John,Saturday,AGO,13975,₦750,"₦10,481,250",January,1,1,,
11/01/2025,Iwaya,Automotive Fuel,Morning,Mr John,Saturday,PMS,14751,₦650,"₦9,588,150",January,1,1,,
11/01/2025,Iwaya,Automotive Fuel,Morning,Mr John,Saturday,Lubricant,1262,"₦2,000","₦2,524,000",January,1,1,,
11/01/2025,Iwaya,Automotive Fuel,Morning,Mr John,Saturday,Diesel,18953,₦820,"₦15,541,460",January,1,1,,
11/01/2025,Iwaya,Automotive Fuel,Morning,Mr John,Saturday,LPG (kg),2880,₦850,"₦2,448,000",January,1,1,,
12/01/2025,Maryland,Automotive Fuel,Night,Miss Ada,Sunday,AGO,9611,₦750,"₦7,208,250",January,1,1,,
12/01/2025,Maryland,Automotive Fuel,Night,Miss Ada,Sunday,PMS,28618,₦650,"₦18,601,700",January,1,1,,
12/01/2025,Maryland,Automotive Fuel,Night,Miss Ada,Sunday,Lubricant,1469,"₦2,000","₦2,938,000",January,1,1,,
12/01/2025,Maryland,Automotive Fuel,Night,Miss Ada,Sunday,Diesel,12093,₦820,"₦9,916,260",January,1,1,,
12/01/2025,Maryland,Automotive Fuel,Night,Miss Ada,Sunday,LPG (kg),2740,₦850,"₦2,329,000",January,1,1,,
13/01/2025,Idimu,Lubricant,Night,Mr John,Monday,AGO,6428,₦750,"₦4,821,000",January,1,1,,
13/01/2025,Idimu,Lubricant,Night,Mr John,Monday,PMS,21662,₦650,"₦14,080,300",January,1,1,,
13/01/2025,Idimu,Lubricant,Night,Mr John,Monday,Lubricant,1045,"₦2,000","₦2,090,000",January,1,1,,
13/01/2025,Idimu,Lubricant,Night,Mr John,Monday,Diesel,15957,₦820,"₦13,084,740",January,1,1,,
13/01/2025,Idimu,Lubricant,Night,Mr John,Monday,LPG (kg),2225,₦850,"₦1,891,250",January,1,1,,
14/01/2025,Iwaya,Automotive Fuel,Afternoon,Miss Ada,Tuesday,AGO,8264,₦750,"₦6,198,000",January,1,1,,
14/01/2025,Iwaya,Automotive Fuel,Afternoon,Miss Ada,Tuesday,PMS,14825,₦650,"₦9,636,250",January,1,1,,
14/01/2025,Iwaya,Automotive Fuel,Afternoon,Miss Ada,Tuesday,Lubricant,1284,"₦2,000","₦2,568,000",January,1,1,,
14/01/2025,Iwaya,Automotive Fuel,Afternoon,Miss Ada,Tuesday,Diesel,10145,₦820,"₦8,318,900",January,1,1,,
14/01/2025,Iwaya,Automotive Fuel,Afternoon,Miss Ada,Tuesday,LPG (kg),2596,₦850,"₦2,206,600",January,1,1,,
15/01/2025,Maryland,Automotive Fuel,Night,Mr Tunde,Wednesday,AGO,5489,₦750,"₦4,116,750",January,1,1,,
15/01/2025,Maryland,Automotive Fuel,Night,Mr Tunde,Wednesday,PMS,11139,₦650,"₦7,240,350",January,1,1,,
15/01/2025,Maryland,Automotive Fuel,Night,Mr Tunde,Wednesday,Lubricant,1364,"₦2,000","₦2,728,000",January,1,1,,
15/01/2025,Maryland,Automotive Fuel,Night,Mr Tunde,Wednesday,Diesel,14772,₦820,"₦12,113,040",January,1,1,,
15/01/2025,Maryland,Automotive Fuel,Night,Mr Tunde,Wednesday,LPG (kg),1285,₦850,"₦1,092,250",January,1,1,,
16/01/2025,Idimu,Lubricant,Morning,Mr John,Thursday,AGO,12941,₦750,"₦9,705,750",January,1,1,,
16/01/2025,Idimu,Lubricant,Morning,Mr John,Thursday,PMS,24818,₦650,"₦16,131,700",January,1,1,,
16/01/2025,Idimu,Lubricant,Morning,Mr John,Thursday,Lubricant,779,"₦2,000","₦1,558,000",January,1,1,,
16/01/2025,Idimu,Lubricant,Morning,Mr John,Thursday,Diesel,9962,₦820,"₦8,168,840",January,1,1,,
16/01/2025,Idimu,Lubricant,Morning,Mr John,Thursday,LPG (kg),1536,₦850,"₦1,305,600",January,1,1,,
17/01/2025,Iwaya,Cooking Gas,Morning,Mrs Chika,Friday,AGO,11012,₦750,"₦8,259,000",January,1,1,,
17/01/2025,Iwaya,Cooking Gas,Morning,Mrs Chika,Friday,PMS,14675,₦650,"₦9,538,750",January,1,1,,
17/01/2025,Iwaya,Cooking Gas,Morning,Mrs Chika,Friday,Lubricant,691,"₦2,000","₦1,382,000",January,1,1,,
17/01/2025,Iwaya,Cooking Gas,Morning,Mrs Chika,Friday,Diesel,15550,₦820,"₦12,751,000",January,1,1,,
17/01/2025,Iwaya,Cooking Gas,Morning,Mrs Chika,Friday,LPG (kg),2121,₦850,"₦1,802,850",January,1,1,,
18/01/2025,Maryland,Cooking Gas,Afternoon,Miss Ada,Saturday,AGO,13054,₦750,"₦9,790,500",January,1,1,,
18/01/2025,Maryland,Cooking Gas,Afternoon,Miss Ada,Saturday,PMS,24427,₦650,"₦15,877,550",January,1,1,,
18/01/2025,Maryland,Cooking Gas,Afternoon,Miss Ada,Saturday,Lubricant,1223,"₦2,000","₦2,446,000",January,1,1,,
18/01/2025,Maryland,Cooking Gas,Afternoon,Miss Ada,Saturday,Diesel,12970,₦820,"₦10,635,400",January,1,1,,
18/01/2025,Maryland,Cooking Gas,Afternoon,Miss Ada,Saturday,LPG (kg),1998,₦850,"₦1,698,300",January,1,1,,
19/01/2025,Idimu,Lubricant,Morning,Mr Tunde,Sunday,AGO,7944,₦750,"₦5,958,000",January,1,1,,
19/01/2025,Idimu,Lubricant,Morning,Mr Tunde,Sunday,PMS,20412,₦650,"₦13,267,800",January,1,1,,
19/01/2025,Idimu,Lubricant,Morning,Mr Tunde,Sunday,Lubricant,939,"₦2,000","₦1,878,000",January,1,1,,
19/01/2025,Idimu,Lubricant,Morning,Mr Tunde,Sunday,Diesel,10128,₦820,"₦8,304,960",January,1,1,,
19/01/2025,Idimu,Lubricant,Morning,Mr Tunde,Sunday,LPG (kg),2622,₦850,"₦2,228,700",January,1,1,,
20/01/2025,Iwaya,Cooking Gas,Night,Mrs Chika,Monday,AGO,8143,₦750,"₦6,107,250",January,1,1,,
20/01/2025,Iwaya,Cooking Gas,Night,Mrs Chika,Monday,PMS,24868,₦650,"₦16,164,200",January,1,1,,
20/01/2025,Iwaya,Cooking Gas,Night,Mrs Chika,Monday,Lubricant,715,"₦2,000","₦1,430,000",January,1,1,,
20/01/2025,Iwaya,Cooking Gas,Night,Mrs Chika,Monday,Diesel,18020,₦820,"₦14,776,400",January,1,1,,
20/01/2025,Iwaya,Cooking Gas,Night,Mrs Chika,Monday,LPG (kg),1250,₦850,"₦1,062,500",January,1,1,,
21/01/2025,Maryland,Lubricant,Night,Mr Tunde,Tuesday,AGO,5212,₦750,"₦3,909,000",January,1,1,,
21/01/2025,Maryland,Lubricant,Night,Mr Tunde,Tuesday,PMS,15645,₦650,"₦10,169,250",January,1,1,,
21/01/2025,Maryland,Lubricant,Night,Mr Tunde,Tuesday,Lubricant,1472,"₦2,000","₦2,944,000",January,1,1,,
21/01/2025,Maryland,Lubricant,Night,Mr Tunde,Tuesday,Diesel,16115,₦820,"₦13,214,300",January,1,1,,
21/01/2025,Maryland,Lubricant,Night,Mr Tunde,Tuesday,LPG (kg),1555,₦850,"₦1,321,750",January,1,1,,
22/01/2025,Idimu,Cooking Gas,Night,Mr Tunde,Wednesday,AGO,5690,₦750,"₦4,267,500",January,1,1,,
22/01/2025,Idimu,Cooking Gas,Night,Mr Tunde,Wednesday,PMS,22012,₦650,"₦14,307,800",January,1,1,,
22/01/2025,Idimu,Cooking Gas,Night,Mr Tunde,Wednesday,Lubricant,1300,"₦2,000","₦2,600,000",January,1,1,,
22/01/2025,Idimu,Cooking Gas,Night,Mr Tunde,Wednesday,Diesel,9593,₦820,"₦7,866,260",January,1,1,,
22/01/2025,Idimu,Cooking Gas,Night,Mr Tunde,Wednesday,LPG (kg),2163,₦850,"₦1,838,550",January,1,1,,
23/01/2025,Iwaya,Cooking Gas,Night,Mr Tunde,Thursday,AGO,5417,₦750,"₦4,062,750",January,1,1,,
23/01/2025,Iwaya,Cooking Gas,Night,Mr Tunde,Thursday,PMS,22795,₦650,"₦14,816,750",January,1,1,,
23/01/2025,Iwaya,Cooking Gas,Night,Mr Tunde,Thursday,Lubricant,1081,"₦2,000","₦2,162,000",January,1,1,,
23/01/2025,Iwaya,Cooking Gas,Night,Mr Tunde,Thursday,Diesel,16451,₦820,"₦13,489,820",January,1,1,,
23/01/2025,Iwaya,Cooking Gas,Night,Mr Tunde,Thursday,LPG (kg),1248,₦850,"₦1,060,800",January,1,1,,
24/01/2025,Maryland,Lubricant,Afternoon,Miss Ada,Friday,AGO,14231,₦750,"₦10,673,250",January,1,1,,
24/01/2025,Maryland,Lubricant,Afternoon,Miss Ada,Friday,PMS,24875,₦650,"₦16,168,750",January,1,1,,
24/01/2025,Maryland,Lubricant,Afternoon,Miss Ada,Friday,Lubricant,1322,"₦2,000","₦2,644,000",January,1,1,,
24/01/2025,Maryland,Lubricant,Afternoon,Miss Ada,Friday,Diesel,12019,₦820,"₦9,855,580",January,1,1,,
24/01/2025,Maryland,Lubricant,Afternoon,Miss Ada,Friday,LPG (kg),2294,₦850,"₦1,949,900",January,1,1,,
25/01/2025,Idimu,Lubricant,Night,Mrs Chika,Saturday,AGO,8694,₦750,"₦6,520,500",January,1,1,,
25/01/2025,Idimu,Lubricant,Night,Mrs Chika,Saturday,PMS,10057,₦650,"₦6,537,050",January,1,1,,
25/01/2025,Idimu,Lubricant,Night,Mrs Chika,Saturday,Lubricant,912,"₦2,000","₦1,824,000",January,1,1,,
25/01/2025,Idimu,Lubricant,Night,Mrs Chika,Saturday,Diesel,15171,₦820,"₦12,440,220",January,1,1,,
25/01/2025,Idimu,Lubricant,Night,Mrs Chika,Saturday,LPG (kg),2444,₦850,"₦2,077,400",January,1,1,,
26/01/2025,Iwaya,Cooking Gas,Night,Mr Tunde,Sunday,AGO,5475,₦750,"₦4,106,250",January,1,1,,
26/01/2025,Iwaya,Cooking Gas,Night,Mr Tunde,Sunday,PMS,24673,₦650,"₦16,037,450",January,1,1,,
26/01/2025,Iwaya,Cooking Gas,Night,Mr Tunde,Sunday,Lubricant,1364,"₦2,000","₦2,728,000",January,1,1,,
26/01/2025,Iwaya,Cooking Gas,Night,Mr Tunde,Sunday,Diesel,9191,₦820,"₦7,536,620",January,1,1,,
26/01/2025,Iwaya,Cooking Gas,Night,Mr Tunde,Sunday,LPG (kg),2442,₦850,"₦2,075,700",January,1,1,,
27/01/2025,Maryland,Automotive Fuel,Morning,Mr John,Monday,AGO,5554,₦750,"₦4,165,500",January,1,1,,
27/01/2025,Maryland,Automotive Fuel,Morning,Mr John,Monday,PMS,23696,₦650,"₦15,402,400",January,1,1,,
27/01/2025,Maryland,Automotive Fuel,Morning,Mr John,Monday,Lubricant,951,"₦2,000","₦1,902,000",January,1,1,,
27/01/2025,Maryland,Automotive Fuel,Morning,Mr John,Monday,Diesel,13480,₦820,"₦11,053,600",January,1,1,,
27/01/2025,Maryland,Automotive Fuel,Morning,Mr John,Monday,LPG (kg),2173,₦850,"₦1,847,050",January,1,1,,
28/01/2025,Idimu,Lubricant,Night,Mr John,Tuesday,AGO,10738,₦750,"₦8,053,500",January,1,1,,
28/01/2025,Idimu,Lubricant,Night,Mr John,Tuesday,PMS,16610,₦650,"₦10,796,500",January,1,1,,
28/01/2025,Idimu,Lubricant,Night,Mr John,Tuesday,Lubricant,716,"₦2,000","₦1,432,000",January,1,1,,
28/01/2025,Idimu,Lubricant,Night,Mr John,Tuesday,Diesel,13265,₦820,"₦10,877,300",January,1,1,,
28/01/2025,Idimu,Lubricant,Night,Mr John,Tuesday,LPG (kg),2716,₦850,"₦2,308,600",January,1,1,,
29/01/2025,Iwaya,Automotive Fuel,Morning,Mr Tunde,Wednesday,AGO,14816,₦750,"₦11,112,000",January,1,1,,
29/01/2025,Iwaya,Automotive Fuel,Morning,Mr Tunde,Wednesday,PMS,11360,₦650,"₦7,384,000",January,1,1,,
29/01/2025,Iwaya,Automotive Fuel,Morning,Mr Tunde,Wednesday,Lubricant,830,"₦2,000","₦1,660,000",January,1,1,,
29/01/2025,Iwaya,Automotive Fuel,Morning,Mr Tunde,Wednesday,Diesel,11463,₦820,"₦9,399,660",January,1,1,,
29/01/2025,Iwaya,Automotive Fuel,Morning,Mr Tunde,Wednesday,LPG (kg),2146,₦850,"₦1,824,100",January,1,1,,
30/01/2025,Maryland,Automotive Fuel,Night,Mrs Chika,Thursday,AGO,6684,₦750,"₦5,013,000",January,1,1,,
30/01/2025,Maryland,Automotive Fuel,Night,Mrs Chika,Thursday,PMS,20056,₦650,"₦13,036,400",January,1,1,,
30/01/2025,Maryland,Automotive Fuel,Night,Mrs Chika,Thursday,Lubricant,834,"₦2,000","₦1,668,000",January,1,1,,
30/01/2025,Maryland,Automotive Fuel,Night,Mrs Chika,Thursday,Diesel,19835,₦820,"₦16,264,700",January,1,1,,
30/01/2025,Maryland,Automotive Fuel,Night,Mrs Chika,Thursday,LPG (kg),2568,₦850,"₦2,182,800",January,1,1,,
31/01/2025,Idimu,Automotive Fuel,Morning,Mrs Chika,Friday,AGO,8862,₦750,"₦6,646,500",January,1,1,,
31/01/2025,Idimu,Automotive Fuel,Morning,Mrs Chika,Friday,PMS,13341,₦650,"₦8,671,650",January,1,1,,
31/01/2025,Idimu,Automotive Fuel,Morning,Mrs Chika,Friday,Lubricant,509,"₦2,000","₦1,018,000",January,1,1,,
31/01/2025,Idimu,Automotive Fuel,Morning,Mrs Chika,Friday,Diesel,14133,₦820,"₦11,589,060",January,1,1,,
31/01/2025,Idimu,Automotive Fuel,Morning,Mrs Chika,Friday,LPG (kg),1883,₦850,"₦1,600,550",January,1,1,,
01/02/2025,Iwaya,Lubricant,Night,Mr Tunde,Saturday,AGO,5694,₦750,"₦4,270,500",February,2,1,,
01/02/2025,Iwaya,Lubricant,Night,Mr Tunde,Saturday,PMS,16946,₦650,"₦11,014,900",February,2,1,,
01/02/2025,Iwaya,Lubricant,Night,Mr Tunde,Saturday,Lubricant,1249,"₦2,000","₦2,498,000",February,2,1,,
01/02/2025,Iwaya,Lubricant,Night,Mr Tunde,Saturday,Diesel,18963,₦820,"₦15,549,660",February,2,1,,
01/02/2025,Iwaya,Lubricant,Night,Mr Tunde,Saturday,LPG (kg),1941,₦850,"₦1,649,850",February,2,1,,
02/02/2025,Maryland,Lubricant,Afternoon,Mr Tunde,Sunday,AGO,10499,₦750,"₦7,874,250",February,2,1,,
02/02/2025,Maryland,Lubricant,Afternoon,Mr Tunde,Sunday,PMS,14353,₦650,"₦9,329,450",February,2,1,,
02/02/2025,Maryland,Lubricant,Afternoon,Mr Tunde,Sunday,Lubricant,547,"₦2,000","₦1,094,000",February,2,1,,
02/02/2025,Maryland,Lubricant,Afternoon,Mr Tunde,Sunday,Diesel,9864,₦820,"₦8,088,480",February,2,1,,
02/02/2025,Maryland,Lubricant,Afternoon,Mr Tunde,Sunday,LPG (kg),1239,₦850,"₦1,053,150",February,2,1,,
03/02/2025,Idimu,Lubricant,Afternoon,Mr Tunde,Monday,AGO,7253,₦750,"₦5,439,750",February,2,1,,
03/02/2025,Idimu,Lubricant,Afternoon,Mr Tunde,Monday,PMS,13348,₦650,"₦8,676,200",February,2,1,,
03/02/2025,Idimu,Lubricant,Afternoon,Mr Tunde,Monday,Lubricant,546,"₦2,000","₦1,092,000",February,2,1,,
03/02/2025,Idimu,Lubricant,Afternoon,Mr Tunde,Monday,Diesel,19198,₦820,"₦15,742,360",February,2,1,,
03/02/2025,Idimu,Lubricant,Afternoon,Mr Tunde,Monday,LPG (kg),1682,₦850,"₦1,429,700",February,2,1,,
04/02/2025,Iwaya,Automotive Fuel,Night,Miss Ada,Tuesday,AGO,11645,₦750,"₦8,733,750",February,2,1,,
04/02/2025,Iwaya,Automotive Fuel,Night,Miss Ada,Tuesday,PMS,22834,₦650,"₦14,842,100",February,2,1,,
04/02/2025,Iwaya,Automotive Fuel,Night,Miss Ada,Tuesday,Lubricant,1407,"₦2,000","₦2,814,000",February,2,1,,
04/02/2025,Iwaya,Automotive Fuel,Night,Miss Ada,Tuesday,Diesel,13376,₦820,"₦10,968,320",February,2,1,,
04/02/2025,Iwaya,Automotive Fuel,Night,Miss Ada,Tuesday,LPG (kg),1655,₦850,"₦1,406,750",February,2,1,,
05/02/2025,Maryland,Lubricant,Night,Miss Ada,Wednesday,AGO,14112,₦750,"₦10,584,000",February,2,1,,
05/02/2025,Maryland,Lubricant,Night,Miss Ada,Wednesday,PMS,26821,₦650,"₦17,433,650",February,2,1,,
05/02/2025,Maryland,Lubricant,Night,Miss Ada,Wednesday,Lubricant,1118,"₦2,000","₦2,236,000",February,2,1,,
05/02/2025,Maryland,Lubricant,Night,Miss Ada,Wednesday,Diesel,14753,₦820,"₦12,097,460",February,2,1,,
05/02/2025,Maryland,Lubricant,Night,Miss Ada,Wednesday,LPG (kg),2826,₦850,"₦2,402,100",February,2,1,,
06/02/2025,Idimu,Automotive Fuel,Night,Miss Ada,Thursday,AGO,12729,₦750,"₦9,546,750",February,2,1,,
06/02/2025,Idimu,Automotive Fuel,Night,Miss Ada,Thursday,PMS,17751,₦650,"₦11,538,150",February,2,1,,
06/02/2025,Idimu,Automotive Fuel,Night,Miss Ada,Thursday,Lubricant,710,"₦2,000","₦1,420,000",February,2,1,,
06/02/2025,Idimu,Automotive Fuel,Night,Miss Ada,Thursday,Diesel,16201,₦820,"₦13,284,820",February,2,1,,
06/02/2025,Idimu,Automotive Fuel,Night,Miss Ada,Thursday,LPG (kg),2254,₦850,"₦1,915,900",February,2,1,,
07/02/2025,Iwaya,Cooking Gas,Afternoon,Mrs Chika,Friday,AGO,12245,₦750,"₦9,183,750",February,2,1,,
07/02/2025,Iwaya,Cooking Gas,Afternoon,Mrs Chika,Friday,PMS,14579,₦650,"₦9,476,350",February,2,1,,
07/02/2025,Iwaya,Cooking Gas,Afternoon,Mrs Chika,Friday,Lubricant,1367,"₦2,000","₦2,734,000",February,2,1,,
07/02/2025,Iwaya,Cooking Gas,Afternoon,Mrs Chika,Friday,Diesel,15928,₦820,"₦13,060,960",February,2,1,,
07/02/2025,Iwaya,Cooking Gas,Afternoon,Mrs Chika,Friday,LPG (kg),2931,₦850,"₦2,491,350",February,2,1,,
08/02/2025,Maryland,Cooking Gas,Morning,Mr Tunde,Saturday,AGO,13112,₦750,"₦9,834,000",February,2,1,,
08/02/2025,Maryland,Cooking Gas,Morning,Mr Tunde,Saturday,PMS,14589,₦650,"₦9,482,850",February,2,1,,
08/02/2025,Maryland,Cooking Gas,Morning,Mr Tunde,Saturday,Lubricant,658,"₦2,000","₦1,316,000",February,2,1,,
08/02/2025,Maryland,Cooking Gas,Morning,Mr Tunde,Saturday,Diesel,19100,₦820,"₦15,662,000",February,2,1,,
08/02/2025,Maryland,Cooking Gas,Morning,Mr Tunde,Saturday,LPG (kg),2948,₦850,"₦2,505,800",February,2,1,,
09/02/2025,Idimu,Cooking Gas,Afternoon,Mr Tunde,Sunday,AGO,10888,₦750,"₦8,166,000",February,2,1,,
09/02/2025,Idimu,Cooking Gas,Afternoon,Mr Tunde,Sunday,PMS,14363,₦650,"₦9,335,950",February,2,1,,
09/02/2025,Idimu,Cooking Gas,Afternoon,Mr Tunde,Sunday,Lubricant,614,"₦2,000","₦1,228,000",February,2,1,,
09/02/2025,Idimu,Cooking Gas,Afternoon,Mr Tunde,Sunday,Diesel,15712,₦820,"₦12,883,840",February,2,1,,
09/02/2025,Idimu,Cooking Gas,Afternoon,Mr Tunde,Sunday,LPG (kg),1785,₦850,"₦1,517,250",February,2,1,,
10/02/2025,Iwaya,Lubricant,Morning,Mr John,Monday,AGO,6462,₦750,"₦4,846,500",February,2,1,,
10/02/2025,Iwaya,Lubricant,Morning,Mr John,Monday,PMS,28182,₦650,"₦18,318,300",February,2,1,,
10/02/2025,Iwaya,Lubricant,Morning,Mr John,Monday,Lubricant,1453,"₦2,000","₦2,906,000",February,2,1,,
10/02/2025,Iwaya,Lubricant,Morning,Mr John,Monday,Diesel,9708,₦820,"₦7,960,560",February,2,1,,
10/02/2025,Iwaya,Lubricant,Morning,Mr John,Monday,LPG (kg),1209,₦850,"₦1,027,650",February,2,1,,
11/02/2025,Maryland,Cooking Gas,Night,Mr Tunde,Tuesday,AGO,13939,₦750,"₦10,454,250",February,2,1,,
11/02/2025,Maryland,Cooking Gas,Night,Mr Tunde,Tuesday,PMS,26150,₦650,"₦16,997,500",February,2,1,,
11/02/2025,Maryland,Cooking Gas,Night,Mr Tunde,Tuesday,Lubricant,807,"₦2,000","₦1,614,000",February,2,1,,
11/02/2025,Maryland,Cooking Gas,Night,Mr Tunde,Tuesday,Diesel,17705,₦820,"₦14,518,100",February,2,1,,
11/02/2025,Maryland,Cooking Gas,Night,Mr Tunde,Tuesday,LPG (kg),2596,₦850,"₦2,206,600",February,2,1,,
12/02/2025,Idimu,Automotive Fuel,Night,Mrs Chika,Wednesday,AGO,7094,₦750,"₦5,320,500",February,2,1,,
12/02/2025,Idimu,Automotive Fuel,Night,Mrs Chika,Wednesday,PMS,18387,₦650,"₦11,951,550",February,2,1,,
12/02/2025,Idimu,Automotive Fuel,Night,Mrs Chika,Wednesday,Lubricant,1348,"₦2,000","₦2,696,000",February,2,1,,
12/02/2025,Idimu,Automotive Fuel,Night,Mrs Chika,Wednesday,Diesel,16141,₦820,"₦13,235,620",February,2,1,,
12/02/2025,Idimu,Automotive Fuel,Night,Mrs Chika,Wednesday,LPG (kg),1893,₦850,"₦1,609,050",February,2,1,,
13/02/2025,Iwaya,Lubricant,Morning,Mrs Chika,Thursday,AGO,9753,₦750,"₦7,314,750",February,2,1,,
13/02/2025,Iwaya,Lubricant,Morning,Mrs Chika,Thursday,PMS,29452,₦650,"₦19,143,800",February,2,1,,
13/02/2025,Iwaya,Lubricant,Morning,Mrs Chika,Thursday,Lubricant,1309,"₦2,000","₦2,618,000",February,2,1,,
13/02/2025,Iwaya,Lubricant,Morning,Mrs Chika,Thursday,Diesel,10169,₦820,"₦8,338,580",February,2,1,,
13/02/2025,Iwaya,Lubricant,Morning,Mrs Chika,Thursday,LPG (kg),2528,₦850,"₦2,148,800",February,2,1,,
14/02/2025,Maryland,Cooking Gas,Morning,Mrs Chika,Friday,AGO,10493,₦750,"₦7,869,750",February,2,1,,
14/02/2025,Maryland,Cooking Gas,Morning,Mrs Chika,Friday,PMS,13782,₦650,"₦8,958,300",February,2,1,,
14/02/2025,Maryland,Cooking Gas,Morning,Mrs Chika,Friday,Lubricant,1403,"₦2,000","₦2,806,000",February,2,1,,
14/02/2025,Maryland,Cooking Gas,Morning,Mrs Chika,Friday,Diesel,15006,₦820,"₦12,304,920",February,2,1,,
14/02/2025,Maryland,Cooking Gas,Morning,Mrs Chika,Friday,LPG (kg),1721,₦850,"₦1,462,850",February,2,1,,
15/02/2025,Idimu,Automotive Fuel,Morning,Mr Tunde,Saturday,AGO,10908,₦750,"₦8,181,000",February,2,1,,
15/02/2025,Idimu,Automotive Fuel,Morning,Mr Tunde,Saturday,PMS,16037,₦650,"₦10,424,050",February,2,1,,
15/02/2025,Idimu,Automotive Fuel,Morning,Mr Tunde,Saturday,Lubricant,1418,"₦2,000","₦2,836,000",February,2,1,,
15/02/2025,Idimu,Automotive Fuel,Morning,Mr Tunde,Saturday,Diesel,8724,₦820,"₦7,153,680",February,2,1,,
15/02/2025,Idimu,Automotive Fuel,Morning,Mr Tunde,Saturday,LPG (kg),2908,₦850,"₦2,471,800",February,2,1,,
16/02/2025,Iwaya,Automotive Fuel,Night,Mrs Chika,Sunday,AGO,8294,₦750,"₦6,220,500",February,2,1,,
16/02/2025,Iwaya,Automotive Fuel,Night,Mrs Chika,Sunday,PMS,20583,₦650,"₦13,378,950",February,2,1,,
16/02/2025,Iwaya,Automotive Fuel,Night,Mrs Chika,Sunday,Lubricant,1142,"₦2,000","₦2,284,000",February,2,1,,
16/02/2025,Iwaya,Automotive Fuel,Night,Mrs Chika,Sunday,Diesel,16695,₦820,"₦13,689,900",February,2,1,,
16/02/2025,Iwaya,Automotive Fuel,Night,Mrs Chika,Sunday,LPG (kg),2730,₦850,"₦2,320,500",February,2,1,,
17/02/2025,Maryland,Lubricant,Afternoon,Mr John,Monday,AGO,9014,₦750,"₦6,760,500",February,2,1,,
17/02/2025,Maryland,Lubricant,Afternoon,Mr John,Monday,PMS,23184,₦650,"₦15,069,600",February,2,1,,
17/02/2025,Maryland,Lubricant,Afternoon,Mr John,Monday,Lubricant,853,"₦2,000","₦1,706,000",February,2,1,,
17/02/2025,Maryland,Lubricant,Afternoon,Mr John,Monday,Diesel,11825,₦820,"₦9,696,500",February,2,1,,
17/02/2025,Maryland,Lubricant,Afternoon,Mr John,Monday,LPG (kg),1872,₦850,"₦1,591,200",February,2,1,,
18/02/2025,Idimu,Automotive Fuel,Morning,Mrs Chika,Tuesday,AGO,14913,₦750,"₦11,184,750",February,2,1,,
18/02/2025,Idimu,Automotive Fuel,Morning,Mrs Chika,Tuesday,PMS,21637,₦650,"₦14,064,050",February,2,1,,
18/02/2025,Idimu,Automotive Fuel,Morning,Mrs Chika,Tuesday,Lubricant,1451,"₦2,000","₦2,902,000",February,2,1,,
18/02/2025,Idimu,Automotive Fuel,Morning,Mrs Chika,Tuesday,Diesel,13989,₦820,"₦11,470,980",February,2,1,,
18/02/2025,Idimu,Automotive Fuel,Morning,Mrs Chika,Tuesday,LPG (kg),2399,₦850,"₦2,039,150",February,2,1,,
19/02/2025,Iwaya,Automotive Fuel,Afternoon,Miss Ada,Wednesday,AGO,8778,₦750,"₦6,583,500",February,2,1,,
19/02/2025,Iwaya,Automotive Fuel,Afternoon,Miss Ada,Wednesday,PMS,21483,₦650,"₦13,963,950",February,2,1,,
19/02/2025,Iwaya,Automotive Fuel,Afternoon,Miss Ada,Wednesday,Lubricant,698,"₦2,000","₦1,396,000",February,2,1,,
19/02/2025,Iwaya,Automotive Fuel,Afternoon,Miss Ada,Wednesday,Diesel,15416,₦820,"₦12,641,120",February,2,1,,
19/02/2025,Iwaya,Automotive Fuel,Afternoon,Miss Ada,Wednesday,LPG (kg),1820,₦850,"₦1,547,000",February,2,1,,
20/02/2025,Maryland,Automotive Fuel,Afternoon,Mr Tunde,Thursday,AGO,11407,₦750,"₦8,555,250",February,2,1,,
20/02/2025,Maryland,Automotive Fuel,Afternoon,Mr Tunde,Thursday,PMS,17699,₦650,"₦11,504,350",February,2,1,,
20/02/2025,Maryland,Automotive Fuel,Afternoon,Mr Tunde,Thursday,Lubricant,1319,"₦2,000","₦2,638,000",February,2,1,,
20/02/2025,Maryland,Automotive Fuel,Afternoon,Mr Tunde,Thursday,Diesel,12984,₦820,"₦10,646,880",February,2,1,,
20/02/2025,Maryland,Automotive Fuel,Afternoon,Mr Tunde,Thursday,LPG (kg),2977,₦850,"₦2,530,450",February,2,1,,
21/02/2025,Idimu,Automotive Fuel,Morning,Miss Ada,Friday,AGO,10504,₦750,"₦7,878,000",February,2,1,,
21/02/2025,Idimu,Automotive Fuel,Morning,Miss Ada,Friday,PMS,13967,₦650,"₦9,078,550",February,2,1,,
21/02/2025,Idimu,Automotive Fuel,Morning,Miss Ada,Friday,Lubricant,1112,"₦2,000","₦2,224,000",February,2,1,,
21/02/2025,Idimu,Automotive Fuel,Morning,Miss Ada,Friday,Diesel,16767,₦820,"₦13,748,940",February,2,1,,
21/02/2025,Idimu,Automotive Fuel,Morning,Miss Ada,Friday,LPG (kg),1920,₦850,"₦1,632,000",February,2,1,,
22/02/2025,Iwaya,Cooking Gas,Night,Mr Tunde,Saturday,AGO,5061,₦750,"₦3,795,750",February,2,1,,
22/02/2025,Iwaya,Cooking Gas,Night,Mr Tunde,Saturday,PMS,22310,₦650,"₦14,501,500",February,2,1,,
22/02/2025,Iwaya,Cooking Gas,Night,Mr Tunde,Saturday,Lubricant,1426,"₦2,000","₦2,852,000",February,2,1,,
22/02/2025,Iwaya,Cooking Gas,Night,Mr Tunde,Saturday,Diesel,12575,₦820,"₦10,311,500",February,2,1,,
22/02/2025,Iwaya,Cooking Gas,Night,Mr Tunde,Saturday,LPG (kg),1444,₦850,"₦1,227,400",February,2,1,,
23/02/2025,Maryland,Cooking Gas,Morning,Mrs Chika,Sunday,AGO,9878,₦750,"₦7,408,500",February,2,1,,
23/02/2025,Maryland,Cooking Gas,Morning,Mrs Chika,Sunday,PMS,26072,₦650,"₦16,946,800",February,2,1,,
23/02/2025,Maryland,Cooking Gas,Morning,Mrs Chika,Sunday,Lubricant,1467,"₦2,000","₦2,934,000",February,2,1,,
23/02/2025,Maryland,Cooking Gas,Morning,Mrs Chika,Sunday,Diesel,15794,₦820,"₦12,951,080",February,2,1,,
23/02/2025,Maryland,Cooking Gas,Morning,Mrs Chika,Sunday,LPG (kg),1493,₦850,"₦1,269,050",February,2,1,,
24/02/2025,Idimu,Automotive Fuel,Afternoon,Miss Ada,Monday,AGO,10538,₦750,"₦7,903,500",February,2,1,,
24/02/2025,Idimu,Automotive Fuel,Afternoon,Miss Ada,Monday,PMS,22233,₦650,"₦14,451,450",February,2,1,,
24/02/2025,Idimu,Automotive Fuel,Afternoon,Miss Ada,Monday,Lubricant,542,"₦2,000","₦1,084,000",February,2,1,,
24/02/2025,Idimu,Automotive Fuel,Afternoon,Miss Ada,Monday,Diesel,10584,₦820,"₦8,678,880",February,2,1,,
24/02/2025,Idimu,Automotive Fuel,Afternoon,Miss Ada,Monday,LPG (kg),1327,₦850,"₦1,127,950",February,2,1,,
25/02/2025,Iwaya,Lubricant,Morning,Mr Tunde,Tuesday,AGO,7331,₦750,"₦5,498,250",February,2,1,,
25/02/2025,Iwaya,Lubricant,Morning,Mr Tunde,Tuesday,PMS,25858,₦650,"₦16,807,700",February,2,1,,
25/02/2025,Iwaya,Lubricant,Morning,Mr Tunde,Tuesday,Lubricant,1480,"₦2,000","₦2,960,000",February,2,1,,
25/02/2025,Iwaya,Lubricant,Morning,Mr Tunde,Tuesday,Diesel,15965,₦820,"₦13,091,300",February,2,1,,
25/02/2025,Iwaya,Lubricant,Morning,Mr Tunde,Tuesday,LPG (kg),1803,₦850,"₦1,532,550",February,2,1,,
26/02/2025,Maryland,Cooking Gas,Afternoon,Mrs Chika,Wednesday,AGO,9481,₦750,"₦7,110,750",February,2,1,,
26/02/2025,Maryland,Cooking Gas,Afternoon,Mrs Chika,Wednesday,PMS,26462,₦650,"₦17,200,300",February,2,1,,
26/02/2025,Maryland,Cooking Gas,Afternoon,Mrs Chika,Wednesday,Lubricant,1323,"₦2,000","₦2,646,000",February,2,1,,
26/02/2025,Maryland,Cooking Gas,Afternoon,Mrs Chika,Wednesday,Diesel,8096,₦820,"₦6,638,720",February,2,1,,
26/02/2025,Maryland,Cooking Gas,Afternoon,Mrs Chika,Wednesday,LPG (kg),1503,₦850,"₦1,277,550",February,2,1,,
27/02/2025,Idimu,Cooking Gas,Night,Mr John,Thursday,AGO,12863,₦750,"₦9,647,250",February,2,1,,
27/02/2025,Idimu,Cooking Gas,Night,Mr John,Thursday,PMS,14760,₦650,"₦9,594,000",February,2,1,,
27/02/2025,Idimu,Cooking Gas,Night,Mr John,Thursday,Lubricant,1492,"₦2,000","₦2,984,000",February,2,1,,
27/02/2025,Idimu,Cooking Gas,Night,Mr John,Thursday,Diesel,13585,₦820,"₦11,139,700",February,2,1,,
27/02/2025,Idimu,Cooking Gas,Night,Mr John,Thursday,LPG (kg),1611,₦850,"₦1,369,350",February,2,1,,
28/02/2025,Iwaya,Automotive Fuel,Night,Miss Ada,Friday,AGO,5691,₦750,"₦4,268,250",February,2,1,,
28/02/2025,Iwaya,Automotive Fuel,Night,Miss Ada,Friday,PMS,20576,₦650,"₦13,374,400",February,2,1,,
28/02/2025,Iwaya,Automotive Fuel,Night,Miss Ada,Friday,Lubricant,899,"₦2,000","₦1,798,000",February,2,1,,
28/02/2025,Iwaya,Automotive Fuel,Night,Miss Ada,Friday,Diesel,17555,₦820,"₦14,395,100",February,2,1,,
28/02/2025,Iwaya,Automotive Fuel,Night,Miss Ada,Friday,LPG (kg),2876,₦850,"₦2,444,600",February,2,1,,
01/03/2025,Maryland,Cooking Gas,Afternoon,Mr Tunde,Saturday,AGO,7248,₦750,"₦5,436,000",March,3,1,,
01/03/2025,Maryland,Cooking Gas,Afternoon,Mr Tunde,Saturday,PMS,27625,₦650,"₦17,956,250",March,3,1,,
01/03/2025,Maryland,Cooking Gas,Afternoon,Mr Tunde,Saturday,Lubricant,1312,"₦2,000","₦2,624,000",March,3,1,,
01/03/2025,Maryland,Cooking Gas,Afternoon,Mr Tunde,Saturday,Diesel,16184,₦820,"₦13,270,880",March,3,1,,
01/03/2025,Maryland,Cooking Gas,Afternoon,Mr Tunde,Saturday,LPG (kg),1232,₦850,"₦1,047,200",March,3,1,,
02/03/2025,Idimu,Cooking Gas,Morning,Miss Ada,Sunday,AGO,11828,₦750,"₦8,871,000",March,3,1,,
02/03/2025,Idimu,Cooking Gas,Morning,Miss Ada,Sunday,PMS,28226,₦650,"₦18,346,900",March,3,1,,
02/03/2025,Idimu,Cooking Gas,Morning,Miss Ada,Sunday,Lubricant,965,"₦2,000","₦1,930,000",March,3,1,,
02/03/2025,Idimu,Cooking Gas,Morning,Miss Ada,Sunday,Diesel,8744,₦820,"₦7,170,080",March,3,1,,
02/03/2025,Idimu,Cooking Gas,Morning,Miss Ada,Sunday,LPG (kg),2117,₦850,"₦1,799,450",March,3,1,,
03/03/2025,Iwaya,Automotive Fuel,Morning,Mr Tunde,Monday,AGO,6599,₦750,"₦4,949,250",March,3,1,,
03/03/2025,Iwaya,Automotive Fuel,Morning,Mr Tunde,Monday,PMS,19820,₦650,"₦12,883,000",March,3,1,,
03/03/2025,Iwaya,Automotive Fuel,Morning,Mr Tunde,Monday,Lubricant,1464,"₦2,000","₦2,928,000",March,3,1,,
03/03/2025,Iwaya,Automotive Fuel,Morning,Mr Tunde,Monday,Diesel,18601,₦820,"₦15,252,820",March,3,1,,
03/03/2025,Iwaya,Automotive Fuel,Morning,Mr Tunde,Monday,LPG (kg),1784,₦850,"₦1,516,400",March,3,1,,
04/03/2025,Maryland,Automotive Fuel,Afternoon,Mrs Chika,Tuesday,AGO,6186,₦750,"₦4,639,500",March,3,1,,
04/03/2025,Maryland,Automotive Fuel,Afternoon,Mrs Chika,Tuesday,PMS,14092,₦650,"₦9,159,800",March,3,1,,
04/03/2025,Maryland,Automotive Fuel,Afternoon,Mrs Chika,Tuesday,Lubricant,1329,"₦2,000","₦2,658,000",March,3,1,,
04/03/2025,Maryland,Automotive Fuel,Afternoon,Mrs Chika,Tuesday,Diesel,17664,₦820,"₦14,484,480",March,3,1,,
04/03/2025,Maryland,Automotive Fuel,Afternoon,Mrs Chika,Tuesday,LPG (kg),2125,₦850,"₦1,806,250",March,3,1,,
05/03/2025,Idimu,Automotive Fuel,Afternoon,Mrs Chika,Wednesday,AGO,11388,₦750,"₦8,541,000",March,3,1,,
05/03/2025,Idimu,Automotive Fuel,Afternoon,Mrs Chika,Wednesday,PMS,24583,₦650,"₦15,978,950",March,3,1,,
05/03/2025,Idimu,Automotive Fuel,Afternoon,Mrs Chika,Wednesday,Lubricant,641,"₦2,000","₦1,282,000",March,3,1,,
05/03/2025,Idimu,Automotive Fuel,Afternoon,Mrs Chika,Wednesday,Diesel,15879,₦820,"₦13,020,780",March,3,1,,
05/03/2025,Idimu,Automotive Fuel,Afternoon,Mrs Chika,Wednesday,LPG (kg),1563,₦850,"₦1,328,550",March,3,1,,
06/03/2025,Iwaya,Automotive Fuel,Afternoon,Mr Tunde,Thursday,AGO,7548,₦750,"₦5,661,000",March,3,1,,
06/03/2025,Iwaya,Automotive Fuel,Afternoon,Mr Tunde,Thursday,PMS,28258,₦650,"₦18,367,700",March,3,1,,
06/03/2025,Iwaya,Automotive Fuel,Afternoon,Mr Tunde,Thursday,Lubricant,795,"₦2,000","₦1,590,000",March,3,1,,
06/03/2025,Iwaya,Automotive Fuel,Afternoon,Mr Tunde,Thursday,Diesel,9035,₦820,"₦7,408,700",March,3,1,,
06/03/2025,Iwaya,Automotive Fuel,Afternoon,Mr Tunde,Thursday,LPG (kg),2420,₦850,"₦2,057,000",March,3,1,,
07/03/2025,Maryland,Lubricant,Afternoon,Mrs Chika,Friday,AGO,13191,₦750,"₦9,893,250",March,3,1,,
07/03/2025,Maryland,Lubricant,Afternoon,Mrs Chika,Friday,PMS,20082,₦650,"₦13,053,300",March,3,1,,
07/03/2025,Maryland,Lubricant,Afternoon,Mrs Chika,Friday,Lubricant,1133,"₦2,000","₦2,266,000",March,3,1,,
07/03/2025,Maryland,Lubricant,Afternoon,Mrs Chika,Friday,Diesel,15259,₦820,"₦12,512,380",March,3,1,,
07/03/2025,Maryland,Lubricant,Afternoon,Mrs Chika,Friday,LPG (kg),2114,₦850,"₦1,796,900",March,3,1,,
08/03/2025,Idimu,Cooking Gas,Afternoon,Mrs Chika,Saturday,AGO,8105,₦750,"₦6,078,750",March,3,1,,
08/03/2025,Idimu,Cooking Gas,Afternoon,Mrs Chika,Saturday,PMS,11296,₦650,"₦7,342,400",March,3,1,,
08/03/2025,Idimu,Cooking Gas,Afternoon,Mrs Chika,Saturday,Lubricant,921,"₦2,000","₦1,842,000",March,3,1,,
08/03/2025,Idimu,Cooking Gas,Afternoon,Mrs Chika,Saturday,Diesel,16456,₦820,"₦13,493,920",March,3,1,,
08/03/2025,Idimu,Cooking Gas,Afternoon,Mrs Chika,Saturday,LPG (kg),2567,₦850,"₦2,181,950",March,3,1,,
09/03/2025,Iwaya,Cooking Gas,Afternoon,Miss Ada,Sunday,AGO,13261,₦750,"₦9,945,750",March,3,1,,
09/03/2025,Iwaya,Cooking Gas,Afternoon,Miss Ada,Sunday,PMS,26706,₦650,"₦17,358,900",March,3,1,,
09/03/2025,Iwaya,Cooking Gas,Afternoon,Miss Ada,Sunday,Lubricant,1071,"₦2,000","₦2,142,000",March,3,1,,
09/03/2025,Iwaya,Cooking Gas,Afternoon,Miss Ada,Sunday,Diesel,15230,₦820,"₦12,488,600",March,3,1,,
09/03/2025,Iwaya,Cooking Gas,Afternoon,Miss Ada,Sunday,LPG (kg),2596,₦850,"₦2,206,600",March,3,1,,
10/03/2025,Maryland,Lubricant,Morning,Miss Ada,Monday,AGO,13476,₦750,"₦10,107,000",March,3,1,,
10/03/2025,Maryland,Lubricant,Morning,Miss Ada,Monday,PMS,11371,₦650,"₦7,391,150",March,3,1,,
10/03/2025,Maryland,Lubricant,Morning,Miss Ada,Monday,Lubricant,1361,"₦2,000","₦2,722,000",March,3,1,,
10/03/2025,Maryland,Lubricant,Morning,Miss Ada,Monday,Diesel,9618,₦820,"₦7,886,760",March,3,1,,
10/03/2025,Maryland,Lubricant,Morning,Miss Ada,Monday,LPG (kg),1754,₦850,"₦1,490,900",March,3,1,,
11/03/2025,Idimu,Cooking Gas,Afternoon,Mrs Chika,Tuesday,AGO,14599,₦750,"₦10,949,250",March,3,1,,
11/03/2025,Idimu,Cooking Gas,Afternoon,Mrs Chika,Tuesday,PMS,28851,₦650,"₦18,753,150",March,3,1,,
11/03/2025,Idimu,Cooking Gas,Afternoon,Mrs Chika,Tuesday,Lubricant,521,"₦2,000","₦1,042,000",March,3,1,,
11/03/2025,Idimu,Cooking Gas,Afternoon,Mrs Chika,Tuesday,Diesel,17211,₦820,"₦14,113,020",March,3,1,,
11/03/2025,Idimu,Cooking Gas,Afternoon,Mrs Chika,Tuesday,LPG (kg),1457,₦850,"₦1,238,450",March,3,1,,
12/03/2025,Iwaya,Cooking Gas,Afternoon,Mrs Chika,Wednesday,AGO,14955,₦750,"₦11,216,250",March,3,1,,
12/03/2025,Iwaya,Cooking Gas,Afternoon,Mrs Chika,Wednesday,PMS,20997,₦650,"₦13,648,050",March,3,1,,
12/03/2025,Iwaya,Cooking Gas,Afternoon,Mrs Chika,Wednesday,Lubricant,1349,"₦2,000","₦2,698,000",March,3,1,,
12/03/2025,Iwaya,Cooking Gas,Afternoon,Mrs Chika,Wednesday,Diesel,18485,₦820,"₦15,157,700",March,3,1,,
12/03/2025,Iwaya,Cooking Gas,Afternoon,Mrs Chika,Wednesday,LPG (kg),1666,₦850,"₦1,416,100",March,3,1,,
13/03/2025,Maryland,Cooking Gas,Afternoon,Mr Tunde,Thursday,AGO,11394,₦750,"₦8,545,500",March,3,1,,
13/03/2025,Maryland,Cooking Gas,Afternoon,Mr Tunde,Thursday,PMS,10648,₦650,"₦6,921,200",March,3,1,,
13/03/2025,Maryland,Cooking Gas,Afternoon,Mr Tunde,Thursday,Lubricant,1462,"₦2,000","₦2,924,000",March,3,1,,
13/03/2025,Maryland,Cooking Gas,Afternoon,Mr Tunde,Thursday,Diesel,15082,₦820,"₦12,367,240",March,3,1,,
13/03/2025,Maryland,Cooking Gas,Afternoon,Mr Tunde,Thursday,LPG (kg),2062,₦850,"₦1,752,700",March,3,1,,
14/03/2025,Idimu,Lubricant,Morning,Miss Ada,Friday,AGO,6034,₦750,"₦4,525,500",March,3,1,,
14/03/2025,Idimu,Lubricant,Morning,Miss Ada,Friday,PMS,29585,₦650,"₦19,230,250",March,3,1,,
14/03/2025,Idimu,Lubricant,Morning,Miss Ada,Friday,Lubricant,887,"₦2,000","₦1,774,000",March,3,1,,
14/03/2025,Idimu,Lubricant,Morning,Miss Ada,Friday,Diesel,15313,₦820,"₦12,556,660",March,3,1,,
14/03/2025,Idimu,Lubricant,Morning,Miss Ada,Friday,LPG (kg),1096,₦850,"₦931,600",March,3,1,,
15/03/2025,Iwaya,Lubricant,Night,Mr Tunde,Saturday,AGO,13175,₦750,"₦9,881,250",March,3,1,,
15/03/2025,Iwaya,Lubricant,Night,Mr Tunde,Saturday,PMS,27042,₦650,"₦17,577,300",March,3,1,,
15/03/2025,Iwaya,Lubricant,Night,Mr Tunde,Saturday,Lubricant,1032,"₦2,000","₦2,064,000",March,3,1,,
15/03/2025,Iwaya,Lubricant,Night,Mr Tunde,Saturday,Diesel,12985,₦820,"₦10,647,700",March,3,1,,
15/03/2025,Iwaya,Lubricant,Night,Mr Tunde,Saturday,LPG (kg),1733,₦850,"₦1,473,050",March,3,1,,
16/03/2025,Maryland,Automotive Fuel,Night,Mr John,Sunday,AGO,14838,₦750,"₦11,128,500",March,3,1,,
16/03/2025,Maryland,Automotive Fuel,Night,Mr John,Sunday,PMS,26395,₦650,"₦17,156,750",March,3,1,,
16/03/2025,Maryland,Automotive Fuel,Night,Mr John,Sunday,Lubricant,1483,"₦2,000","₦2,966,000",March,3,1,,
16/03/2025,Maryland,Automotive Fuel,Night,Mr John,Sunday,Diesel,18433,₦820,"₦15,115,060",March,3,1,,
16/03/2025,Maryland,Automotive Fuel,Night,Mr John,Sunday,LPG (kg),1780,₦850,"₦1,513,000",March,3,1,,
17/03/2025,Idimu,Lubricant,Afternoon,Miss Ada,Monday,AGO,5519,₦750,"₦4,139,250",March,3,1,,
17/03/2025,Idimu,Lubricant,Afternoon,Miss Ada,Monday,PMS,15021,₦650,"₦9,763,650",March,3,1,,
17/03/2025,Idimu,Lubricant,Afternoon,Miss Ada,Monday,Lubricant,1192,"₦2,000","₦2,384,000",March,3,1,,
17/03/2025,Idimu,Lubricant,Afternoon,Miss Ada,Monday,Diesel,16652,₦820,"₦13,654,640",March,3,1,,
17/03/2025,Idimu,Lubricant,Afternoon,Miss Ada,Monday,LPG (kg),1978,₦850,"₦1,681,300",March,3,1,,
18/03/2025,Iwaya,Lubricant,Afternoon,Mr John,Tuesday,AGO,7441,₦750,"₦5,580,750",March,3,1,,
18/03/2025,Iwaya,Lubricant,Afternoon,Mr John,Tuesday,PMS,21890,₦650,"₦14,228,500",March,3,1,,
18/03/2025,Iwaya,Lubricant,Afternoon,Mr John,Tuesday,Lubricant,1057,"₦2,000","₦2,114,000",March,3,1,,
18/03/2025,Iwaya,Lubricant,Afternoon,Mr John,Tuesday,Diesel,13379,₦820,"₦10,970,780",March,3,1,,
18/03/2025,Iwaya,Lubricant,Afternoon,Mr John,Tuesday,LPG (kg),1280,₦850,"₦1,088,000",March,3,1,,
19/03/2025,Maryland,Lubricant,Night,Mr Tunde,Wednesday,AGO,9850,₦750,"₦7,387,500",March,3,1,,
19/03/2025,Maryland,Lubricant,Night,Mr Tunde,Wednesday,PMS,12229,₦650,"₦7,948,850",March,3,1,,
19/03/2025,Maryland,Lubricant,Night,Mr Tunde,Wednesday,Lubricant,522,"₦2,000","₦1,044,000",March,3,1,,
19/03/2025,Maryland,Lubricant,Night,Mr Tunde,Wednesday,Diesel,13892,₦820,"₦11,391,440",March,3,1,,
19/03/2025,Maryland,Lubricant,Night,Mr Tunde,Wednesday,LPG (kg),1917,₦850,"₦1,629,450",March,3,1,,
20/03/2025,Idimu,Cooking Gas,Afternoon,Mr John,Thursday,AGO,14209,₦750,"₦10,656,750",March,3,1,,
20/03/2025,Idimu,Cooking Gas,Afternoon,Mr John,Thursday,PMS,23275,₦650,"₦15,128,750",March,3,1,,
20/03/2025,Idimu,Cooking Gas,Afternoon,Mr John,Thursday,Lubricant,1452,"₦2,000","₦2,904,000",March,3,1,,
20/03/2025,Idimu,Cooking Gas,Afternoon,Mr John,Thursday,Diesel,16256,₦820,"₦13,329,920",March,3,1,,
20/03/2025,Idimu,Cooking Gas,Afternoon,Mr John,Thursday,LPG (kg),1914,₦850,"₦1,626,900",March,3,1,,
21/03/2025,Iwaya,Lubricant,Morning,Mrs Chika,Friday,AGO,10492,₦750,"₦7,869,000",March,3,1,,
21/03/2025,Iwaya,Lubricant,Morning,Mrs Chika,Friday,PMS,25521,₦650,"₦16,588,650",March,3,1,,
21/03/2025,Iwaya,Lubricant,Morning,Mrs Chika,Friday,Lubricant,915,"₦2,000","₦1,830,000",March,3,1,,
21/03/2025,Iwaya,Lubricant,Morning,Mrs Chika,Friday,Diesel,18424,₦820,"₦15,107,680",March,3,1,,
21/03/2025,Iwaya,Lubricant,Morning,Mrs Chika,Friday,LPG (kg),1653,₦850,"₦1,405,050",March,3,1,,
22/03/2025,Maryland,Automotive Fuel,Morning,Mr John,Saturday,AGO,12251,₦750,"₦9,188,250",March,3,1,,
22/03/2025,Maryland,Automotive Fuel,Morning,Mr John,Saturday,PMS,29703,₦650,"₦19,306,950",March,3,1,,
22/03/2025,Maryland,Automotive Fuel,Morning,Mr John,Saturday,Lubricant,743,"₦2,000","₦1,486,000",March,3,1,,
22/03/2025,Maryland,Automotive Fuel,Morning,Mr John,Saturday,Diesel,14579,₦820,"₦11,954,780",March,3,1,,
22/03/2025,Maryland,Automotive Fuel,Morning,Mr John,Saturday,LPG (kg),2337,₦850,"₦1,986,450",March,3,1,,
23/03/2025,Idimu,Automotive Fuel,Morning,Mr Tunde,Sunday,AGO,5129,₦750,"₦3,846,750",March,3,1,,
23/03/2025,Idimu,Automotive Fuel,Morning,Mr Tunde,Sunday,PMS,16372,₦650,"₦10,641,800",March,3,1,,
23/03/2025,Idimu,Automotive Fuel,Morning,Mr Tunde,Sunday,Lubricant,569,"₦2,000","₦1,138,000",March,3,1,,
23/03/2025,Idimu,Automotive Fuel,Morning,Mr Tunde,Sunday,Diesel,14647,₦820,"₦12,010,540",March,3,1,,
23/03/2025,Idimu,Automotive Fuel,Morning,Mr Tunde,Sunday,LPG (kg),1750,₦850,"₦1,487,500",March,3,1,,
24/03/2025,Iwaya,Lubricant,Night,Mr John,Monday,AGO,7690,₦750,"₦5,767,500",March,3,1,,
24/03/2025,Iwaya,Lubricant,Night,Mr John,Monday,PMS,23388,₦650,"₦15,202,200",March,3,1,,
24/03/2025,Iwaya,Lubricant,Night,Mr John,Monday,Lubricant,730,"₦2,000","₦1,460,000",March,3,1,,
24/03/2025,Iwaya,Lubricant,Night,Mr John,Monday,Diesel,15605,₦820,"₦12,796,100",March,3,1,,
24/03/2025,Iwaya,Lubricant,Night,Mr John,Monday,LPG (kg),1497,₦850,"₦1,272,450",March,3,1,,
25/03/2025,Maryland,Cooking Gas,Night,Mrs Chika,Tuesday,AGO,5559,₦750,"₦4,169,250",March,3,1,,
25/03/2025,Maryland,Cooking Gas,Night,Mrs Chika,Tuesday,PMS,25767,₦650,"₦16,748,550",March,3,1,,
25/03/2025,Maryland,Cooking Gas,Night,Mrs Chika,Tuesday,Lubricant,986,"₦2,000","₦1,972,000",March,3,1,,
25/03/2025,Maryland,Cooking Gas,Night,Mrs Chika,Tuesday,Diesel,15404,₦820,"₦12,631,280",March,3,1,,
25/03/2025,Maryland,Cooking Gas,Night,Mrs Chika,Tuesday,LPG (kg),1485,₦850,"₦1,262,250",March,3,1,,
26/03/2025,Idimu,Lubricant,Night,Mr Tunde,Wednesday,AGO,9606,₦750,"₦7,204,500",March,3,1,,
26/03/2025,Idimu,Lubricant,Night,Mr Tunde,Wednesday,PMS,22159,₦650,"₦14,403,350",March,3,1,,
26/03/2025,Idimu,Lubricant,Night,Mr Tunde,Wednesday,Lubricant,929,"₦2,000","₦1,858,000",March,3,1,,
26/03/2025,Idimu,Lubricant,Night,Mr Tunde,Wednesday,Diesel,11147,₦820,"₦9,140,540",March,3,1,,
26/03/2025,Idimu,Lubricant,Night,Mr Tunde,Wednesday,LPG (kg),1337,₦850,"₦1,136,450",March,3,1,,
27/03/2025,Iwaya,Cooking Gas,Afternoon,Mr John,Thursday,AGO,7365,₦750,"₦5,523,750",March,3,1,,
27/03/2025,Iwaya,Cooking Gas,Afternoon,Mr John,Thursday,PMS,28299,₦650,"₦18,394,350",March,3,1,,
27/03/2025,Iwaya,Cooking Gas,Afternoon,Mr John,Thursday,Lubricant,1234,"₦2,000","₦2,468,000",March,3,1,,
27/03/2025,Iwaya,Cooking Gas,Afternoon,Mr John,Thursday,Diesel,10710,₦820,"₦8,782,200",March,3,1,,
27/03/2025,Iwaya,Cooking Gas,Afternoon,Mr John,Thursday,LPG (kg),2905,₦850,"₦2,469,250",March,3,1,,
28/03/2025,Maryland,Automotive Fuel,Afternoon,Mr John,Friday,AGO,5985,₦750,"₦4,488,750",March,3,1,,
28/03/2025,Maryland,Automotive Fuel,Afternoon,Mr John,Friday,PMS,18402,₦650,"₦11,961,300",March,3,1,,
28/03/2025,Maryland,Automotive Fuel,Afternoon,Mr John,Friday,Lubricant,878,"₦2,000","₦1,756,000",March,3,1,,
28/03/2025,Maryland,Automotive Fuel,Afternoon,Mr John,Friday,Diesel,12053,₦820,"₦9,883,460",March,3,1,,
28/03/2025,Maryland,Automotive Fuel,Afternoon,Mr John,Friday,LPG (kg),2651,₦850,"₦2,253,350",March,3,1,,
29/03/2025,Idimu,Cooking Gas,Afternoon,Miss Ada,Saturday,AGO,13996,₦750,"₦10,497,000",March,3,1,,
29/03/2025,Idimu,Cooking Gas,Afternoon,Miss Ada,Saturday,PMS,11146,₦650,"₦7,244,900",March,3,1,,
29/03/2025,Idimu,Cooking Gas,Afternoon,Miss Ada,Saturday,Lubricant,913,"₦2,000","₦1,826,000",March,3,1,,
29/03/2025,Idimu,Cooking Gas,Afternoon,Miss Ada,Saturday,Diesel,12204,₦820,"₦10,007,280",March,3,1,,
29/03/2025,Idimu,Cooking Gas,Afternoon,Miss Ada,Saturday,LPG (kg),2861,₦850,"₦2,431,850",March,3,1,,
30/03/2025,Iwaya,Cooking Gas,Night,Mrs Chika,Sunday,AGO,11805,₦750,"₦8,853,750",March,3,1,,
30/03/2025,Iwaya,Cooking Gas,Night,Mrs Chika,Sunday,PMS,14927,₦650,"₦9,702,550",March,3,1,,
30/03/2025,Iwaya,Cooking Gas,Night,Mrs Chika,Sunday,Lubricant,804,"₦2,000","₦1,608,000",March,3,1,,
30/03/2025,Iwaya,Cooking Gas,Night,Mrs Chika,Sunday,Diesel,14106,₦820,"₦11,566,920",March,3,1,,
30/03/2025,Iwaya,Cooking Gas,Night,Mrs Chika,Sunday,LPG (kg),2646,₦850,"₦2,249,100",March,3,1,,
31/03/2025,Maryland,Automotive Fuel,Afternoon,Mr Tunde,Monday,AGO,5448,₦750,"₦4,086,000",March,3,1,,
31/03/2025,Maryland,Automotive Fuel,Afternoon,Mr Tunde,Monday,PMS,20205,₦650,"₦13,133,250",March,3,1,,
31/03/2025,Maryland,Automotive Fuel,Afternoon,Mr Tunde,Monday,Lubricant,1496,"₦2,000","₦2,992,000",March,3,1,,
31/03/2025,Maryland,Automotive Fuel,Afternoon,Mr Tunde,Monday,Diesel,16615,₦820,"₦13,624,300",March,3,1,,
31/03/2025,Maryland,Automotive Fuel,Afternoon,Mr Tunde,Monday,LPG (kg),1008,₦850,"₦856,800",March,3,1,,
01/01/2025,Idimu,Cooking Gas,Night,Mrs Chika,Wednesday,AGO,10172,₦750,"₦7,629,000",January,1,1,,
01/01/2025,Idimu,Cooking Gas,Night,Mrs Chika,Wednesday,PMS,21054,₦650,"₦13,685,100",January,1,1,,
01/01/2025,Idimu,Cooking Gas,Night,Mrs Chika,Wednesday,Lubricant,843,"₦2,000","₦1,686,000",January,1,1,,
01/01/2025,Idimu,Cooking Gas,Night,Mrs Chika,Wednesday,Diesel,12842,₦820,"₦10,530,440",January,1,1,,
01/01/2025,Idimu,Cooking Gas,Night,Mrs Chika,Wednesday,LPG (kg),2389,₦850,"₦2,030,650",January,1,1,,
02/01/2025,Iwaya,Lubricant,Morning,Mr John,Thursday,AGO,9026,₦750,"₦6,769,500",January,1,1,,
02/01/2025,Iwaya,Lubricant,Morning,Mr John,Thursday,PMS,28270,₦650,"₦18,375,500",January,1,1,,
02/01/2025,Iwaya,Lubricant,Morning,Mr John,Thursday,Lubricant,533,"₦2,000","₦1,066,000",January,1,1,,
02/01/2025,Iwaya,Lubricant,Morning,Mr John,Thursday,Diesel,12426,₦820,"₦10,189,320",January,1,1,,
02/01/2025,Iwaya,Lubricant,Morning,Mr John,Thursday,LPG (kg),2623,₦850,"₦2,229,550",January,1,1,,
03/01/2025,Maryland,Automotive Fuel,Morning,Mr Tunde,Friday,AGO,14003,₦750,"₦10,502,250",January,1,1,,
03/01/2025,Maryland,Automotive Fuel,Morning,Mr Tunde,Friday,PMS,20788,₦650,"₦13,512,200",January,1,1,,
03/01/2025,Maryland,Automotive Fuel,Morning,Mr Tunde,Friday,Lubricant,536,"₦2,000","₦1,072,000",January,1,1,,
03/01/2025,Maryland,Automotive Fuel,Morning,Mr Tunde,Friday,Diesel,16936,₦820,"₦13,887,520",January,1,1,,
03/01/2025,Maryland,Automotive Fuel,Morning,Mr Tunde,Friday,LPG (kg),2358,₦850,"₦2,004,300",January,1,1,,
04/01/2025,Idimu,Automotive Fuel,Night,Mrs Chika,Saturday,AGO,5549,₦750,"₦4,161,750",January,1,1,,
04/01/2025,Idimu,Automotive Fuel,Night,Mrs Chika,Saturday,PMS,19793,₦650,"₦12,865,450",January,1,1,,
04/01/2025,Idimu,Automotive Fuel,Night,Mrs Chika,Saturday,Lubricant,795,"₦2,000","₦1,590,000",January,1,1,,
04/01/2025,Idimu,Automotive Fuel,Night,Mrs Chika,Saturday,Diesel,15689,₦820,"₦12,864,980",January,1,1,,
04/01/2025,Idimu,Automotive Fuel,Night,Mrs Chika,Saturday,LPG (kg),2870,₦850,"₦2,439,500",January,1,1,,
05/01/2025,Iwaya,Lubricant,Night,Mrs Chika,Sunday,AGO,14408,₦750,"₦10,806,000",January,1,1,,
05/01/2025,Iwaya,Lubricant,Night,Mrs Chika,Sunday,PMS,29390,₦650,"₦19,103,500",January,1,1,,
05/01/2025,Iwaya,Lubricant,Night,Mrs Chika,Sunday,Lubricant,1365,"₦2,000","₦2,730,000",January,1,1,,
05/01/2025,Iwaya,Lubricant,Night,Mrs Chika,Sunday,Diesel,10375,₦820,"₦8,507,500",January,1,1,,
05/01/2025,Iwaya,Lubricant,Night,Mrs Chika,Sunday,LPG (kg),1563,₦850,"₦1,328,550",January,1,1,,
06/01/2025,Maryland,Automotive Fuel,Night,Mr John,Monday,AGO,7003,₦750,"₦5,252,250",January,1,1,,
06/01/2025,Maryland,Automotive Fuel,Night,Mr John,Monday,PMS,17406,₦650,"₦11,313,900",January,1,1,,
06/01/2025,Maryland,Automotive Fuel,Night,Mr John,Monday,Lubricant,616,"₦2,000","₦1,232,000",January,1,1,,
06/01/2025,Maryland,Automotive Fuel,Night,Mr John,Monday,Diesel,10347,₦820,"₦8,484,540",January,1,1,,
06/01/2025,Maryland,Automotive Fuel,Night,Mr John,Monday,LPG (kg),2854,₦850,"₦2,425,900",January,1,1,,
07/01/2025,Idimu,Automotive Fuel,Afternoon,Mrs Chika,Tuesday,AGO,11498,₦750,"₦8,623,500",January,1,1,,
07/01/2025,Idimu,Automotive Fuel,Afternoon,Mrs Chika,Tuesday,PMS,28619,₦650,"₦18,602,350",January,1,1,,
07/01/2025,Idimu,Automotive Fuel,Afternoon,Mrs Chika,Tuesday,Lubricant,1369,"₦2,000","₦2,738,000",January,1,1,,
07/01/2025,Idimu,Automotive Fuel,Afternoon,Mrs Chika,Tuesday,Diesel,10592,₦820,"₦8,685,440",January,1,1,,
07/01/2025,Idimu,Automotive Fuel,Afternoon,Mrs Chika,Tuesday,LPG (kg),2816,₦850,"₦2,393,600",January,1,1,,
08/01/2025,Iwaya,Automotive Fuel,Morning,Mrs Chika,Wednesday,AGO,10881,₦750,"₦8,160,750",January,1,1,,
08/01/2025,Iwaya,Automotive Fuel,Morning,Mrs Chika,Wednesday,PMS,26986,₦650,"₦17,540,900",January,1,1,,
08/01/2025,Iwaya,Automotive Fuel,Morning,Mrs Chika,Wednesday,Lubricant,862,"₦2,000","₦1,724,000",January,1,1,,
08/01/2025,Iwaya,Automotive Fuel,Morning,Mrs Chika,Wednesday,Diesel,9765,₦820,"₦8,007,300",January,1,1,,
08/01/2025,Iwaya,Automotive Fuel,Morning,Mrs Chika,Wednesday,LPG (kg),2590,₦850,"₦2,201,500",January,1,1,,
09/01/2025,Maryland,Lubricant,Afternoon,Miss Ada,Thursday,AGO,7586,₦750,"₦5,689,500",January,1,1,,
09/01/2025,Maryland,Lubricant,Afternoon,Miss Ada,Thursday,PMS,16791,₦650,"₦10,914,150",January,1,1,,
09/01/2025,Maryland,Lubricant,Afternoon,Miss Ada,Thursday,Lubricant,1039,"₦2,000","₦2,078,000",January,1,1,,
09/01/2025,Maryland,Lubricant,Afternoon,Miss Ada,Thursday,Diesel,14137,₦820,"₦11,592,340",January,1,1,,
09/01/2025,Maryland,Lubricant,Afternoon,Miss Ada,Thursday,LPG (kg),2468,₦850,"₦2,097,800",January,1,1,,
10/01/2025,Idimu,Lubricant,Afternoon,Mr Tunde,Friday,AGO,11413,₦750,"₦8,559,750",January,1,1,,
10/01/2025,Idimu,Lubricant,Afternoon,Mr Tunde,Friday,PMS,19100,₦650,"₦12,415,000",January,1,1,,
10/01/2025,Idimu,Lubricant,Afternoon,Mr Tunde,Friday,Lubricant,551,"₦2,000","₦1,102,000",January,1,1,,
10/01/2025,Idimu,Lubricant,Afternoon,Mr Tunde,Friday,Diesel,15769,₦820,"₦12,930,580",January,1,1,,
10/01/2025,Idimu,Lubricant,Afternoon,Mr Tunde,Friday,LPG (kg),1092,₦850,"₦928,200",January,1,1,,
11/01/2025,Iwaya,Lubricant,Night,Mr John,Saturday,AGO,7713,₦750,"₦5,784,750",January,1,1,,
11/01/2025,Iwaya,Lubricant,Night,Mr John,Saturday,PMS,16586,₦650,"₦10,780,900",January,1,1,,
11/01/2025,Iwaya,Lubricant,Night,Mr John,Saturday,Lubricant,1004,"₦2,000","₦2,008,000",January,1,1,,
11/01/2025,Iwaya,Lubricant,Night,Mr John,Saturday,Diesel,16947,₦820,"₦13,896,540",January,1,1,,
11/01/2025,Iwaya,Lubricant,Night,Mr John,Saturday,LPG (kg),2349,₦850,"₦1,996,650",January,1,1,,
12/01/2025,Maryland,Cooking Gas,Night,Miss Ada,Sunday,AGO,14925,₦750,"₦11,193,750",January,1,1,,
12/01/2025,Maryland,Cooking Gas,Night,Miss Ada,Sunday,PMS,29690,₦650,"₦19,298,500",January,1,1,,
12/01/2025,Maryland,Cooking Gas,Night,Miss Ada,Sunday,Lubricant,505,"₦2,000","₦1,010,000",January,1,1,,
12/01/2025,Maryland,Cooking Gas,Night,Miss Ada,Sunday,Diesel,13258,₦820,"₦10,871,560",January,1,1,,
12/01/2025,Maryland,Cooking Gas,Night,Miss Ada,Sunday,LPG (kg),1313,₦850,"₦1,116,050",January,1,1,,
13/01/2025,Idimu,Cooking Gas,Afternoon,Miss Ada,Monday,AGO,5028,₦750,"₦3,771,000",January,1,1,,
13/01/2025,Idimu,Cooking Gas,Afternoon,Miss Ada,Monday,PMS,25601,₦650,"₦16,640,650",January,1,1,,
13/01/2025,Idimu,Cooking Gas,Afternoon,Miss Ada,Monday,Lubricant,611,"₦2,000","₦1,222,000",January,1,1,,
13/01/2025,Idimu,Cooking Gas,Afternoon,Miss Ada,Monday,Diesel,16816,₦820,"₦13,789,120",January,1,1,,
13/01/2025,Idimu,Cooking Gas,Afternoon,Miss Ada,Monday,LPG (kg),2699,₦850,"₦2,294,150",January,1,1,,
14/01/2025,Iwaya,Cooking Gas,Morning,Mrs Chika,Tuesday,AGO,14306,₦750,"₦10,729,500",January,1,1,,
14/01/2025,Iwaya,Cooking Gas,Morning,Mrs Chika,Tuesday,PMS,23805,₦650,"₦15,473,250",January,1,1,,
14/01/2025,Iwaya,Cooking Gas,Morning,Mrs Chika,Tuesday,Lubricant,1028,"₦2,000","₦2,056,000",January,1,1,,
14/01/2025,Iwaya,Cooking Gas,Morning,Mrs Chika,Tuesday,Diesel,9587,₦820,"₦7,861,340",January,1,1,,
14/01/2025,Iwaya,Cooking Gas,Morning,Mrs Chika,Tuesday,LPG (kg),1312,₦850,"₦1,115,200",January,1,1,,
15/01/2025,Maryland,Lubricant,Morning,Miss Ada,Wednesday,AGO,12511,₦750,"₦9,383,250",January,1,1,,
15/01/2025,Maryland,Lubricant,Morning,Miss Ada,Wednesday,PMS,13216,₦650,"₦8,590,400",January,1,1,,
15/01/2025,Maryland,Lubricant,Morning,Miss Ada,Wednesday,Lubricant,753,"₦2,000","₦1,506,000",January,1,1,,
15/01/2025,Maryland,Lubricant,Morning,Miss Ada,Wednesday,Diesel,11968,₦820,"₦9,813,760",January,1,1,,
15/01/2025,Maryland,Lubricant,Morning,Miss Ada,Wednesday,LPG (kg),1882,₦850,"₦1,599,700",January,1,1,,
16/01/2025,Idimu,Cooking Gas,Morning,Mrs Chika,Thursday,AGO,5591,₦750,"₦4,193,250",January,1,1,,
16/01/2025,Idimu,Cooking Gas,Morning,Mrs Chika,Thursday,PMS,19642,₦650,"₦12,767,300",January,1,1,,
16/01/2025,Idimu,Cooking Gas,Morning,Mrs Chika,Thursday,Lubricant,697,"₦2,000","₦1,394,000",January,1,1,,
16/01/2025,Idimu,Cooking Gas,Morning,Mrs Chika,Thursday,Diesel,14243,₦820,"₦11,679,260",January,1,1,,
16/01/2025,Idimu,Cooking Gas,Morning,Mrs Chika,Thursday,LPG (kg),1044,₦850,"₦887,400",January,1,1,,
17/01/2025,Iwaya,Cooking Gas,Afternoon,Miss Ada,Friday,AGO,14527,₦750,"₦10,895,250",January,1,1,,
17/01/2025,Iwaya,Cooking Gas,Afternoon,Miss Ada,Friday,PMS,25596,₦650,"₦16,637,400",January,1,1,,
17/01/2025,Iwaya,Cooking Gas,Afternoon,Miss Ada,Friday,Lubricant,861,"₦2,000","₦1,722,000",January,1,1,,
17/01/2025,Iwaya,Cooking Gas,Afternoon,Miss Ada,Friday,Diesel,12375,₦820,"₦10,147,500",January,1,1,,
17/01/2025,Iwaya,Cooking Gas,Afternoon,Miss Ada,Friday,LPG (kg),2109,₦850,"₦1,792,650",January,1,1,,
18/01/2025,Maryland,Lubricant,Afternoon,Miss Ada,Saturday,AGO,9137,₦750,"₦6,852,750",January,1,1,,
18/01/2025,Maryland,Lubricant,Afternoon,Miss Ada,Saturday,PMS,14809,₦650,"₦9,625,850",January,1,1,,
18/01/2025,Maryland,Lubricant,Afternoon,Miss Ada,Saturday,Lubricant,1120,"₦2,000","₦2,240,000",January,1,1,,
18/01/2025,Maryland,Lubricant,Afternoon,Miss Ada,Saturday,Diesel,8441,₦820,"₦6,921,620",January,1,1,,
18/01/2025,Maryland,Lubricant,Afternoon,Miss Ada,Saturday,LPG (kg),2006,₦850,"₦1,705,100",January,1,1,,
19/01/2025,Idimu,Automotive Fuel,Night,Mr John,Sunday,AGO,12452,₦750,"₦9,339,000",January,1,1,,
19/01/2025,Idimu,Automotive Fuel,Night,Mr John,Sunday,PMS,13762,₦650,"₦8,945,300",January,1,1,,
19/01/2025,Idimu,Automotive Fuel,Night,Mr John,Sunday,Lubricant,598,"₦2,000","₦1,196,000",January,1,1,,
19/01/2025,Idimu,Automotive Fuel,Night,Mr John,Sunday,Diesel,19069,₦820,"₦15,636,580",January,1,1,,
19/01/2025,Idimu,Automotive Fuel,Night,Mr John,Sunday,LPG (kg),1324,₦850,"₦1,125,400",January,1,1,,
20/01/2025,Iwaya,Cooking Gas,Morning,Mrs Chika,Monday,AGO,14267,₦750,"₦10,700,250",January,1,1,,
20/01/2025,Iwaya,Cooking Gas,Morning,Mrs Chika,Monday,PMS,21984,₦650,"₦14,289,600",January,1,1,,
20/01/2025,Iwaya,Cooking Gas,Morning,Mrs Chika,Monday,Lubricant,779,"₦2,000","₦1,558,000",January,1,1,,
20/01/2025,Iwaya,Cooking Gas,Morning,Mrs Chika,Monday,Diesel,16901,₦820,"₦13,858,820",January,1,1,,
20/01/2025,Iwaya,Cooking Gas,Morning,Mrs Chika,Monday,LPG (kg),2485,₦850,"₦2,112,250",January,1,1,,
21/01/2025,Maryland,Automotive Fuel,Afternoon,Miss Ada,Tuesday,AGO,14323,₦750,"₦10,742,250",January,1,1,,
21/01/2025,Maryland,Automotive Fuel,Afternoon,Miss Ada,Tuesday,PMS,15775,₦650,"₦10,253,750",January,1,1,,
21/01/2025,Maryland,Automotive Fuel,Afternoon,Miss Ada,Tuesday,Lubricant,1407,"₦2,000","₦2,814,000",January,1,1,,
21/01/2025,Maryland,Automotive Fuel,Afternoon,Miss Ada,Tuesday,Diesel,19043,₦820,"₦15,615,260",January,1,1,,
21/01/2025,Maryland,Automotive Fuel,Afternoon,Miss Ada,Tuesday,LPG (kg),1902,₦850,"₦1,616,700",January,1,1,,
22/01/2025,Idimu,Lubricant,Morning,Mr Tunde,Wednesday,AGO,6816,₦750,"₦5,112,000",January,1,1,,
22/01/2025,Idimu,Lubricant,Morning,Mr Tunde,Wednesday,PMS,21520,₦650,"₦13,988,000",January,1,1,,
22/01/2025,Idimu,Lubricant,Morning,Mr Tunde,Wednesday,Lubricant,905,"₦2,000","₦1,810,000",January,1,1,,
22/01/2025,Idimu,Lubricant,Morning,Mr Tunde,Wednesday,Diesel,18535,₦820,"₦15,198,700",January,1,1,,
22/01/2025,Idimu,Lubricant,Morning,Mr Tunde,Wednesday,LPG (kg),1388,₦850,"₦1,179,800",January,1,1,,
23/01/2025,Iwaya,Lubricant,Morning,Mrs Chika,Thursday,AGO,11757,₦750,"₦8,817,750",January,1,1,,
23/01/2025,Iwaya,Lubricant,Morning,Mrs Chika,Thursday,PMS,21438,₦650,"₦13,934,700",January,1,1,,
23/01/2025,Iwaya,Lubricant,Morning,Mrs Chika,Thursday,Lubricant,547,"₦2,000","₦1,094,000",January,1,1,,
23/01/2025,Iwaya,Lubricant,Morning,Mrs Chika,Thursday,Diesel,19586,₦820,"₦16,060,520",January,1,1,,
23/01/2025,Iwaya,Lubricant,Morning,Mrs Chika,Thursday,LPG (kg),1893,₦850,"₦1,609,050",January,1,1,,
24/01/2025,Maryland,Lubricant,Afternoon,Miss Ada,Friday,AGO,12707,₦750,"₦9,530,250",January,1,1,,
24/01/2025,Maryland,Lubricant,Afternoon,Miss Ada,Friday,PMS,28911,₦650,"₦18,792,150",January,1,1,,
24/01/2025,Maryland,Lubricant,Afternoon,Miss Ada,Friday,Lubricant,539,"₦2,000","₦1,078,000",January,1,1,,
24/01/2025,Maryland,Lubricant,Afternoon,Miss Ada,Friday,Diesel,12921,₦820,"₦10,595,220",January,1,1,,
24/01/2025,Maryland,Lubricant,Afternoon,Miss Ada,Friday,LPG (kg),2597,₦850,"₦2,207,450",January,1,1,,
25/01/2025,Idimu,Cooking Gas,Night,Mr John,Saturday,AGO,12610,₦750,"₦9,457,500",January,1,1,,
25/01/2025,Idimu,Cooking Gas,Night,Mr John,Saturday,PMS,22820,₦650,"₦14,833,000",January,1,1,,
25/01/2025,Idimu,Cooking Gas,Night,Mr John,Saturday,Lubricant,578,"₦2,000","₦1,156,000",January,1,1,,
25/01/2025,Idimu,Cooking Gas,Night,Mr John,Saturday,Diesel,11232,₦820,"₦9,210,240",January,1,1,,
25/01/2025,Idimu,Cooking Gas,Night,Mr John,Saturday,LPG (kg),1484,₦850,"₦1,261,400",January,1,1,,
26/01/2025,Iwaya,Automotive Fuel,Afternoon,Miss Ada,Sunday,AGO,6909,₦750,"₦5,181,750",January,1,1,,
26/01/2025,Iwaya,Automotive Fuel,Afternoon,Miss Ada,Sunday,PMS,18913,₦650,"₦12,293,450",January,1,1,,
26/01/2025,Iwaya,Automotive Fuel,Afternoon,Miss Ada,Sunday,Lubricant,1486,"₦2,000","₦2,972,000",January,1,1,,
26/01/2025,Iwaya,Automotive Fuel,Afternoon,Miss Ada,Sunday,Diesel,17606,₦820,"₦14,436,920",January,1,1,,
26/01/2025,Iwaya,Automotive Fuel,Afternoon,Miss Ada,Sunday,LPG (kg),1883,₦850,"₦1,600,550",January,1,1,,
27/01/2025,Maryland,Automotive Fuel,Afternoon,Mr Tunde,Monday,AGO,14547,₦750,"₦10,910,250",January,1,1,,
27/01/2025,Maryland,Automotive Fuel,Afternoon,Mr Tunde,Monday,PMS,10984,₦650,"₦7,139,600",January,1,1,,
27/01/2025,Maryland,Automotive Fuel,Afternoon,Mr Tunde,Monday,Lubricant,1097,"₦2,000","₦2,194,000",January,1,1,,
27/01/2025,Maryland,Automotive Fuel,Afternoon,Mr Tunde,Monday,Diesel,14241,₦820,"₦11,677,620",January,1,1,,
27/01/2025,Maryland,Automotive Fuel,Afternoon,Mr Tunde,Monday,LPG (kg),2320,₦850,"₦1,972,000",January,1,1,,
28/01/2025,Idimu,Cooking Gas,Afternoon,Miss Ada,Tuesday,AGO,14294,₦750,"₦10,720,500",January,1,1,,
28/01/2025,Idimu,Cooking Gas,Afternoon,Miss Ada,Tuesday,PMS,12511,₦650,"₦8,132,150",January,1,1,,
28/01/2025,Idimu,Cooking Gas,Afternoon,Miss Ada,Tuesday,Lubricant,911,"₦2,000","₦1,822,000",January,1,1,,
28/01/2025,Idimu,Cooking Gas,Afternoon,Miss Ada,Tuesday,Diesel,8539,₦820,"₦7,001,980",January,1,1,,
28/01/2025,Idimu,Cooking Gas,Afternoon,Miss Ada,Tuesday,LPG (kg),2608,₦850,"₦2,216,800",January,1,1,,
29/01/2025,Iwaya,Cooking Gas,Afternoon,Mr Tunde,Wednesday,AGO,10286,₦750,"₦7,714,500",January,1,1,,
29/01/2025,Iwaya,Cooking Gas,Afternoon,Mr Tunde,Wednesday,PMS,11780,₦650,"₦7,657,000",January,1,1,,
29/01/2025,Iwaya,Cooking Gas,Afternoon,Mr Tunde,Wednesday,Lubricant,914,"₦2,000","₦1,828,000",January,1,1,,
29/01/2025,Iwaya,Cooking Gas,Afternoon,Mr Tunde,Wednesday,Diesel,19617,₦820,"₦16,085,940",January,1,1,,
29/01/2025,Iwaya,Cooking Gas,Afternoon,Mr Tunde,Wednesday,LPG (kg),1892,₦850,"₦1,608,200",January,1,1,,
30/01/2025,Maryland,Lubricant,Night,Mr John,Thursday,AGO,12369,₦750,"₦9,276,750",January,1,1,,
30/01/2025,Maryland,Lubricant,Night,Mr John,Thursday,PMS,29556,₦650,"₦19,211,400",January,1,1,,
30/01/2025,Maryland,Lubricant,Night,Mr John,Thursday,Lubricant,985,"₦2,000","₦1,970,000",January,1,1,,
30/01/2025,Maryland,Lubricant,Night,Mr John,Thursday,Diesel,11780,₦820,"₦9,659,600",January,1,1,,
30/01/2025,Maryland,Lubricant,Night,Mr John,Thursday,LPG (kg),2881,₦850,"₦2,448,850",January,1,1,,
31/01/2025,Idimu,Lubricant,Morning,Mr John,Friday,AGO,9430,₦750,"₦7,072,500",January,1,1,,
31/01/2025,Idimu,Lubricant,Morning,Mr John,Friday,PMS,18896,₦650,"₦12,282,400",January,1,1,,
31/01/2025,Idimu,Lubricant,Morning,Mr John,Friday,Lubricant,1273,"₦2,000","₦2,546,000",January,1,1,,
31/01/2025,Idimu,Lubricant,Morning,Mr John,Friday,Diesel,14611,₦820,"₦11,981,020",January,1,1,,
31/01/2025,Idimu,Lubricant,Morning,Mr John,Friday,LPG (kg),1608,₦850,"₦1,366,800",January,1,1,,
01/02/2025,Iwaya,Automotive Fuel,Afternoon,Mrs Chika,Saturday,AGO,9357,₦750,"₦7,017,750",February,2,1,,
01/02/2025,Iwaya,Automotive Fuel,Afternoon,Mrs Chika,Saturday,PMS,20194,₦650,"₦13,126,100",February,2,1,,
01/02/2025,Iwaya,Automotive Fuel,Afternoon,Mrs Chika,Saturday,Lubricant,800,"₦2,000","₦1,600,000",February,2,1,,
01/02/2025,Iwaya,Automotive Fuel,Afternoon,Mrs Chika,Saturday,Diesel,13422,₦820,"₦11,006,040",February,2,1,,
01/02/2025,Iwaya,Automotive Fuel,Afternoon,Mrs Chika,Saturday,LPG (kg),2444,₦850,"₦2,077,400",February,2,1,,
02/02/2025,Maryland,Automotive Fuel,Morning,Mr John,Sunday,AGO,7514,₦750,"₦5,635,500",February,2,1,,
02/02/2025,Maryland,Automotive Fuel,Morning,Mr John,Sunday,PMS,14952,₦650,"₦9,718,800",February,2,1,,
02/02/2025,Maryland,Automotive Fuel,Morning,Mr John,Sunday,Lubricant,1231,"₦2,000","₦2,462,000",February,2,1,,
02/02/2025,Maryland,Automotive Fuel,Morning,Mr John,Sunday,Diesel,19725,₦820,"₦16,174,500",February,2,1,,
02/02/2025,Maryland,Automotive Fuel,Morning,Mr John,Sunday,LPG (kg),1633,₦850,"₦1,388,050",February,2,1,,
03/02/2025,Idimu,Lubricant,Night,Mr Tunde,Monday,AGO,9357,₦750,"₦7,017,750",February,2,1,,
03/02/2025,Idimu,Lubricant,Night,Mr Tunde,Monday,PMS,17689,₦650,"₦11,497,850",February,2,1,,
03/02/2025,Idimu,Lubricant,Night,Mr Tunde,Monday,Lubricant,677,"₦2,000","₦1,354,000",February,2,1,,
03/02/2025,Idimu,Lubricant,Night,Mr Tunde,Monday,Diesel,12653,₦820,"₦10,375,460",February,2,1,,
03/02/2025,Idimu,Lubricant,Night,Mr Tunde,Monday,LPG (kg),2801,₦850,"₦2,380,850",February,2,1,,
04/02/2025,Iwaya,Cooking Gas,Afternoon,Miss Ada,Tuesday,AGO,5292,₦750,"₦3,969,000",February,2,1,,
04/02/2025,Iwaya,Cooking Gas,Afternoon,Miss Ada,Tuesday,PMS,24727,₦650,"₦16,072,550",February,2,1,,
04/02/2025,Iwaya,Cooking Gas,Afternoon,Miss Ada,Tuesday,Lubricant,1241,"₦2,000","₦2,482,000",February,2,1,,
04/02/2025,Iwaya,Cooking Gas,Afternoon,Miss Ada,Tuesday,Diesel,15277,₦820,"₦12,527,140",February,2,1,,
04/02/2025,Iwaya,Cooking Gas,Afternoon,Miss Ada,Tuesday,LPG (kg),1133,₦850,"₦963,050",February,2,1,,
05/02/2025,Maryland,Cooking Gas,Afternoon,Mr Tunde,Wednesday,AGO,6920,₦750,"₦5,190,000",February,2,1,,
05/02/2025,Maryland,Cooking Gas,Afternoon,Mr Tunde,Wednesday,PMS,15874,₦650,"₦10,318,100",February,2,1,,
05/02/2025,Maryland,Cooking Gas,Afternoon,Mr Tunde,Wednesday,Lubricant,876,"₦2,000","₦1,752,000",February,2,1,,
05/02/2025,Maryland,Cooking Gas,Afternoon,Mr Tunde,Wednesday,Diesel,9588,₦820,"₦7,862,160",February,2,1,,
05/02/2025,Maryland,Cooking Gas,Afternoon,Mr Tunde,Wednesday,LPG (kg),1186,₦850,"₦1,008,100",February,2,1,,
06/02/2025,Idimu,Automotive Fuel,Morning,Miss Ada,Thursday,AGO,13394,₦750,"₦10,045,500",February,2,1,,
06/02/2025,Idimu,Automotive Fuel,Morning,Miss Ada,Thursday,PMS,13697,₦650,"₦8,903,050",February,2,1,,
06/02/2025,Idimu,Automotive Fuel,Morning,Miss Ada,Thursday,Lubricant,1380,"₦2,000","₦2,760,000",February,2,1,,
06/02/2025,Idimu,Automotive Fuel,Morning,Miss Ada,Thursday,Diesel,11862,₦820,"₦9,726,840",February,2,1,,
06/02/2025,Idimu,Automotive Fuel,Morning,Miss Ada,Thursday,LPG (kg),1908,₦850,"₦1,621,800",February,2,1,,
07/02/2025,Iwaya,Automotive Fuel,Morning,Miss Ada,Friday,AGO,6140,₦750,"₦4,605,000",February,2,1,,
07/02/2025,Iwaya,Automotive Fuel,Morning,Miss Ada,Friday,PMS,19928,₦650,"₦12,953,200",February,2,1,,
07/02/2025,Iwaya,Automotive Fuel,Morning,Miss Ada,Friday,Lubricant,1093,"₦2,000","₦2,186,000",February,2,1,,
07/02/2025,Iwaya,Automotive Fuel,Morning,Miss Ada,Friday,Diesel,15920,₦820,"₦13,054,400",February,2,1,,
07/02/2025,Iwaya,Automotive Fuel,Morning,Miss Ada,Friday,LPG (kg),2667,₦850,"₦2,266,950",February,2,1,,
08/02/2025,Maryland,Lubricant,Morning,Mr Tunde,Saturday,AGO,12803,₦750,"₦9,602,250",February,2,1,,
08/02/2025,Maryland,Lubricant,Morning,Mr Tunde,Saturday,PMS,14191,₦650,"₦9,224,150",February,2,1,,
08/02/2025,Maryland,Lubricant,Morning,Mr Tunde,Saturday,Lubricant,1425,"₦2,000","₦2,850,000",February,2,1,,
08/02/2025,Maryland,Lubricant,Morning,Mr Tunde,Saturday,Diesel,10418,₦820,"₦8,542,760",February,2,1,,
08/02/2025,Maryland,Lubricant,Morning,Mr Tunde,Saturday,LPG (kg),1898,₦850,"₦1,613,300",February,2,1,,
09/02/2025,Idimu,Automotive Fuel,Night,Mr John,Sunday,AGO,13583,₦750,"₦10,187,250",February,2,1,,
09/02/2025,Idimu,Automotive Fuel,Night,Mr John,Sunday,PMS,19872,₦650,"₦12,916,800",February,2,1,,
09/02/2025,Idimu,Automotive Fuel,Night,Mr John,Sunday,Lubricant,1032,"₦2,000","₦2,064,000",February,2,1,,
09/02/2025,Idimu,Automotive Fuel,Night,Mr John,Sunday,Diesel,8444,₦820,"₦6,924,080",February,2,1,,
09/02/2025,Idimu,Automotive Fuel,Night,Mr John,Sunday,LPG (kg),1945,₦850,"₦1,653,250",February,2,1,,
10/02/2025,Iwaya,Lubricant,Morning,Mr Tunde,Monday,AGO,9079,₦750,"₦6,809,250",February,2,1,,
10/02/2025,Iwaya,Lubricant,Morning,Mr Tunde,Monday,PMS,18309,₦650,"₦11,900,850",February,2,1,,
10/02/2025,Iwaya,Lubricant,Morning,Mr Tunde,Monday,Lubricant,1416,"₦2,000","₦2,832,000",February,2,1,,
10/02/2025,Iwaya,Lubricant,Morning,Mr Tunde,Monday,Diesel,8843,₦820,"₦7,251,260",February,2,1,,
10/02/2025,Iwaya,Lubricant,Morning,Mr Tunde,Monday,LPG (kg),2579,₦850,"₦2,192,150",February,2,1,,
11/02/2025,Maryland,Lubricant,Morning,Mrs Chika,Tuesday,AGO,13563,₦750,"₦10,172,250",February,2,1,,
11/02/2025,Maryland,Lubricant,Morning,Mrs Chika,Tuesday,PMS,26518,₦650,"₦17,236,700",February,2,1,,
11/02/2025,Maryland,Lubricant,Morning,Mrs Chika,Tuesday,Lubricant,613,"₦2,000","₦1,226,000",February,2,1,,
11/02/2025,Maryland,Lubricant,Morning,Mrs Chika,Tuesday,Diesel,10024,₦820,"₦8,219,680",February,2,1,,
11/02/2025,Maryland,Lubricant,Morning,Mrs Chika,Tuesday,LPG (kg),1444,₦850,"₦1,227,400",February,2,1,,
12/02/2025,Idimu,Automotive Fuel,Morning,Mr Tunde,Wednesday,AGO,10652,₦750,"₦7,989,000",February,2,1,,
12/02/2025,Idimu,Automotive Fuel,Morning,Mr Tunde,Wednesday,PMS,24010,₦650,"₦15,606,500",February,2,1,,
12/02/2025,Idimu,Automotive Fuel,Morning,Mr Tunde,Wednesday,Lubricant,1395,"₦2,000","₦2,790,000",February,2,1,,
12/02/2025,Idimu,Automotive Fuel,Morning,Mr Tunde,Wednesday,Diesel,13964,₦820,"₦11,450,480",February,2,1,,
12/02/2025,Idimu,Automotive Fuel,Morning,Mr Tunde,Wednesday,LPG (kg),1133,₦850,"₦963,050",February,2,1,,
13/02/2025,Iwaya,Lubricant,Morning,Mrs Chika,Thursday,AGO,12488,₦750,"₦9,366,000",February,2,1,,
13/02/2025,Iwaya,Lubricant,Morning,Mrs Chika,Thursday,PMS,24498,₦650,"₦15,923,700",February,2,1,,
13/02/2025,Iwaya,Lubricant,Morning,Mrs Chika,Thursday,Lubricant,1404,"₦2,000","₦2,808,000",February,2,1,,
13/02/2025,Iwaya,Lubricant,Morning,Mrs Chika,Thursday,Diesel,10944,₦820,"₦8,974,080",February,2,1,,
13/02/2025,Iwaya,Lubricant,Morning,Mrs Chika,Thursday,LPG (kg),1714,₦850,"₦1,456,900",February,2,1,,
14/02/2025,Maryland,Cooking Gas,Morning,Mr Tunde,Friday,AGO,12890,₦750,"₦9,667,500",February,2,1,,
14/02/2025,Maryland,Cooking Gas,Morning,Mr Tunde,Friday,PMS,15815,₦650,"₦10,279,750",February,2,1,,
14/02/2025,Maryland,Cooking Gas,Morning,Mr Tunde,Friday,Lubricant,814,"₦2,000","₦1,628,000",February,2,1,,
14/02/2025,Maryland,Cooking Gas,Morning,Mr Tunde,Friday,Diesel,17969,₦820,"₦14,734,580",February,2,1,,
14/02/2025,Maryland,Cooking Gas,Morning,Mr Tunde,Friday,LPG (kg),1011,₦850,"₦859,350",February,2,1,,
15/02/2025,Idimu,Cooking Gas,Afternoon,Mr John,Saturday,AGO,13686,₦750,"₦10,264,500",February,2,1,,
15/02/2025,Idimu,Cooking Gas,Afternoon,Mr John,Saturday,PMS,20781,₦650,"₦13,507,650",February,2,1,,
15/02/2025,Idimu,Cooking Gas,Afternoon,Mr John,Saturday,Lubricant,565,"₦2,000","₦1,130,000",February,2,1,,
15/02/2025,Idimu,Cooking Gas,Afternoon,Mr John,Saturday,Diesel,16105,₦820,"₦13,206,100",February,2,1,,
15/02/2025,Idimu,Cooking Gas,Afternoon,Mr John,Saturday,LPG (kg),1767,₦850,"₦1,501,950",February,2,1,,
16/02/2025,Iwaya,Lubricant,Night,Miss Ada,Sunday,AGO,6115,₦750,"₦4,586,250",February,2,1,,
16/02/2025,Iwaya,Lubricant,Night,Miss Ada,Sunday,PMS,23144,₦650,"₦15,043,600",February,2,1,,
16/02/2025,Iwaya,Lubricant,Night,Miss Ada,Sunday,Lubricant,861,"₦2,000","₦1,722,000",February,2,1,,
16/02/2025,Iwaya,Lubricant,Night,Miss Ada,Sunday,Diesel,10360,₦820,"₦8,495,200",February,2,1,,
16/02/2025,Iwaya,Lubricant,Night,Miss Ada,Sunday,LPG (kg),1224,₦850,"₦1,040,400",February,2,1,,
17/02/2025,Maryland,Automotive Fuel,Night,Mr John,Monday,AGO,6066,₦750,"₦4,549,500",February,2,1,,
17/02/2025,Maryland,Automotive Fuel,Night,Mr John,Monday,PMS,26803,₦650,"₦17,421,950",February,2,1,,
17/02/2025,Maryland,Automotive Fuel,Night,Mr John,Monday,Lubricant,1368,"₦2,000","₦2,736,000",February,2,1,,
17/02/2025,Maryland,Automotive Fuel,Night,Mr John,Monday,Diesel,10542,₦820,"₦8,644,440",February,2,1,,
17/02/2025,Maryland,Automotive Fuel,Night,Mr John,Monday,LPG (kg),1017,₦850,"₦864,450",February,2,1,,
18/02/2025,Idimu,Lubricant,Morning,Mr Tunde,Tuesday,AGO,14176,₦750,"₦10,632,000",February,2,1,,
18/02/2025,Idimu,Lubricant,Morning,Mr Tunde,Tuesday,PMS,22771,₦650,"₦14,801,150",February,2,1,,
18/02/2025,Idimu,Lubricant,Morning,Mr Tunde,Tuesday,Lubricant,1182,"₦2,000","₦2,364,000",February,2,1,,
18/02/2025,Idimu,Lubricant,Morning,Mr Tunde,Tuesday,Diesel,16071,₦820,"₦13,178,220",February,2,1,,
18/02/2025,Idimu,Lubricant,Morning,Mr Tunde,Tuesday,LPG (kg),1199,₦850,"₦1,019,150",February,2,1,,
19/02/2025,Iwaya,Automotive Fuel,Night,Mrs Chika,Wednesday,AGO,8805,₦750,"₦6,603,750",February,2,1,,
19/02/2025,Iwaya,Automotive Fuel,Night,Mrs Chika,Wednesday,PMS,21015,₦650,"₦13,659,750",February,2,1,,
19/02/2025,Iwaya,Automotive Fuel,Night,Mrs Chika,Wednesday,Lubricant,1397,"₦2,000","₦2,794,000",February,2,1,,
19/02/2025,Iwaya,Automotive Fuel,Night,Mrs Chika,Wednesday,Diesel,14316,₦820,"₦11,739,120",February,2,1,,
19/02/2025,Iwaya,Automotive Fuel,Night,Mrs Chika,Wednesday,LPG (kg),2175,₦850,"₦1,848,750",February,2,1,,
20/02/2025,Maryland,Automotive Fuel,Night,Miss Ada,Thursday,AGO,12795,₦750,"₦9,596,250",February,2,1,,
20/02/2025,Maryland,Automotive Fuel,Night,Miss Ada,Thursday,PMS,27770,₦650,"₦18,050,500",February,2,1,,
20/02/2025,Maryland,Automotive Fuel,Night,Miss Ada,Thursday,Lubricant,1173,"₦2,000","₦2,346,000",February,2,1,,
20/02/2025,Maryland,Automotive Fuel,Night,Miss Ada,Thursday,Diesel,14362,₦820,"₦11,776,840",February,2,1,,
20/02/2025,Maryland,Automotive Fuel,Night,Miss Ada,Thursday,LPG (kg),1061,₦850,"₦901,850",February,2,1,,
21/02/2025,Idimu,Cooking Gas,Night,Mr Tunde,Friday,AGO,7473,₦750,"₦5,604,750",February,2,1,,
21/02/2025,Idimu,Cooking Gas,Night,Mr Tunde,Friday,PMS,15894,₦650,"₦10,331,100",February,2,1,,
21/02/2025,Idimu,Cooking Gas,Night,Mr Tunde,Friday,Lubricant,1099,"₦2,000","₦2,198,000",February,2,1,,
21/02/2025,Idimu,Cooking Gas,Night,Mr Tunde,Friday,Diesel,15025,₦820,"₦12,320,500",February,2,1,,
21/02/2025,Idimu,Cooking Gas,Night,Mr Tunde,Friday,LPG (kg),2096,₦850,"₦1,781,600",February,2,1,,
22/02/2025,Iwaya,Cooking Gas,Night,Mr Tunde,Saturday,AGO,8273,₦750,"₦6,204,750",February,2,1,,
22/02/2025,Iwaya,Cooking Gas,Night,Mr Tunde,Saturday,PMS,13766,₦650,"₦8,947,900",February,2,1,,
22/02/2025,Iwaya,Cooking Gas,Night,Mr Tunde,Saturday,Lubricant,603,"₦2,000","₦1,206,000",February,2,1,,
22/02/2025,Iwaya,Cooking Gas,Night,Mr Tunde,Saturday,Diesel,11269,₦820,"₦9,240,580",February,2,1,,
22/02/2025,Iwaya,Cooking Gas,Night,Mr Tunde,Saturday,LPG (kg),2181,₦850,"₦1,853,850",February,2,1,,
23/02/2025,Maryland,Automotive Fuel,Afternoon,Miss Ada,Sunday,AGO,7383,₦750,"₦5,537,250",February,2,1,,
23/02/2025,Maryland,Automotive Fuel,Afternoon,Miss Ada,Sunday,PMS,12798,₦650,"₦8,318,700",February,2,1,,
23/02/2025,Maryland,Automotive Fuel,Afternoon,Miss Ada,Sunday,Lubricant,1218,"₦2,000","₦2,436,000",February,2,1,,
23/02/2025,Maryland,Automotive Fuel,Afternoon,Miss Ada,Sunday,Diesel,16956,₦820,"₦13,903,920",February,2,1,,
23/02/2025,Maryland,Automotive Fuel,Afternoon,Miss Ada,Sunday,LPG (kg),1221,₦850,"₦1,037,850",February,2,1,,
24/02/2025,Idimu,Lubricant,Night,Miss Ada,Monday,AGO,10993,₦750,"₦8,244,750",February,2,1,,
24/02/2025,Idimu,Lubricant,Night,Miss Ada,Monday,PMS,21594,₦650,"₦14,036,100",February,2,1,,
24/02/2025,Idimu,Lubricant,Night,Miss Ada,Monday,Lubricant,1345,"₦2,000","₦2,690,000",February,2,1,,
24/02/2025,Idimu,Lubricant,Night,Miss Ada,Monday,Diesel,15383,₦820,"₦12,614,060",February,2,1,,
24/02/2025,Idimu,Lubricant,Night,Miss Ada,Monday,LPG (kg),1662,₦850,"₦1,412,700",February,2,1,,
25/02/2025,Iwaya,Cooking Gas,Morning,Mr John,Tuesday,AGO,10645,₦750,"₦7,983,750",February,2,1,,
25/02/2025,Iwaya,Cooking Gas,Morning,Mr John,Tuesday,PMS,26584,₦650,"₦17,279,600",February,2,1,,
25/02/2025,Iwaya,Cooking Gas,Morning,Mr John,Tuesday,Lubricant,616,"₦2,000","₦1,232,000",February,2,1,,
25/02/2025,Iwaya,Cooking Gas,Morning,Mr John,Tuesday,Diesel,17210,₦820,"₦14,112,200",February,2,1,,
25/02/2025,Iwaya,Cooking Gas,Morning,Mr John,Tuesday,LPG (kg),2437,₦850,"₦2,071,450",February,2,1,,
26/02/2025,Maryland,Cooking Gas,Night,Miss Ada,Wednesday,AGO,12257,₦750,"₦9,192,750",February,2,1,,
26/02/2025,Maryland,Cooking Gas,Night,Miss Ada,Wednesday,PMS,20062,₦650,"₦13,040,300",February,2,1,,
26/02/2025,Maryland,Cooking Gas,Night,Miss Ada,Wednesday,Lubricant,1163,"₦2,000","₦2,326,000",February,2,1,,
26/02/2025,Maryland,Cooking Gas,Night,Miss Ada,Wednesday,Diesel,9005,₦820,"₦7,384,100",February,2,1,,
26/02/2025,Maryland,Cooking Gas,Night,Miss Ada,Wednesday,LPG (kg),2580,₦850,"₦2,193,000",February,2,1,,
27/02/2025,Idimu,Cooking Gas,Night,Mr John,Thursday,AGO,7209,₦750,"₦5,406,750",February,2,1,,
27/02/2025,Idimu,Cooking Gas,Night,Mr John,Thursday,PMS,23192,₦650,"₦15,074,800",February,2,1,,
27/02/2025,Idimu,Cooking Gas,Night,Mr John,Thursday,Lubricant,1149,"₦2,000","₦2,298,000",February,2,1,,
27/02/2025,Idimu,Cooking Gas,Night,Mr John,Thursday,Diesel,14536,₦820,"₦11,919,520",February,2,1,,
27/02/2025,Idimu,Cooking Gas,Night,Mr John,Thursday,LPG (kg),2852,₦850,"₦2,424,200",February,2,1,,
28/02/2025,Iwaya,Automotive Fuel,Morning,Mrs Chika,Friday,AGO,9753,₦750,"₦7,314,750",February,2,1,,
28/02/2025,Iwaya,Automotive Fuel,Morning,Mrs Chika,Friday,PMS,16085,₦650,"₦10,455,250",February,2,1,,
28/02/2025,Iwaya,Automotive Fuel,Morning,Mrs Chika,Friday,Lubricant,1036,"₦2,000","₦2,072,000",February,2,1,,
28/02/2025,Iwaya,Automotive Fuel,Morning,Mrs Chika,Friday,Diesel,9715,₦820,"₦7,966,300",February,2,1,,
28/02/2025,Iwaya,Automotive Fuel,Morning,Mrs Chika,Friday,LPG (kg),2350,₦850,"₦1,997,500",February,2,1,,
01/03/2025,Maryland,Lubricant,Morning,Miss Ada,Saturday,AGO,12897,₦750,"₦9,672,750",March,3,1,,
01/03/2025,Maryland,Lubricant,Morning,Miss Ada,Saturday,PMS,14995,₦650,"₦9,746,750",March,3,1,,
01/03/2025,Maryland,Lubricant,Morning,Miss Ada,Saturday,Lubricant,1017,"₦2,000","₦2,034,000",March,3,1,,
01/03/2025,Maryland,Lubricant,Morning,Miss Ada,Saturday,Diesel,15284,₦820,"₦12,532,880",March,3,1,,
01/03/2025,Maryland,Lubricant,Morning,Miss Ada,Saturday,LPG (kg),2819,₦850,"₦2,396,150",March,3,1,,
02/03/2025,Idimu,Cooking Gas,Afternoon,Miss Ada,Sunday,AGO,8990,₦750,"₦6,742,500",March,3,1,,
02/03/2025,Idimu,Cooking Gas,Afternoon,Miss Ada,Sunday,PMS,15636,₦650,"₦10,163,400",March,3,1,,
02/03/2025,Idimu,Cooking Gas,Afternoon,Miss Ada,Sunday,Lubricant,1206,"₦2,000","₦2,412,000",March,3,1,,
02/03/2025,Idimu,Cooking Gas,Afternoon,Miss Ada,Sunday,Diesel,9707,₦820,"₦7,959,740",March,3,1,,
02/03/2025,Idimu,Cooking Gas,Afternoon,Miss Ada,Sunday,LPG (kg),2018,₦850,"₦1,715,300",March,3,1,,
03/03/2025,Iwaya,Lubricant,Afternoon,Mr Tunde,Monday,AGO,5059,₦750,"₦3,794,250",March,3,1,,
03/03/2025,Iwaya,Lubricant,Afternoon,Mr Tunde,Monday,PMS,23663,₦650,"₦15,380,950",March,3,1,,
03/03/2025,Iwaya,Lubricant,Afternoon,Mr Tunde,Monday,Lubricant,1023,"₦2,000","₦2,046,000",March,3,1,,
03/03/2025,Iwaya,Lubricant,Afternoon,Mr Tunde,Monday,Diesel,10508,₦820,"₦8,616,560",March,3,1,,
03/03/2025,Iwaya,Lubricant,Afternoon,Mr Tunde,Monday,LPG (kg),1508,₦850,"₦1,281,800",March,3,1,,
04/03/2025,Maryland,Automotive Fuel,Morning,Miss Ada,Tuesday,AGO,6906,₦750,"₦5,179,500",March,3,1,,
04/03/2025,Maryland,Automotive Fuel,Morning,Miss Ada,Tuesday,PMS,23182,₦650,"₦15,068,300",March,3,1,,
04/03/2025,Maryland,Automotive Fuel,Morning,Miss Ada,Tuesday,Lubricant,656,"₦2,000","₦1,312,000",March,3,1,,
04/03/2025,Maryland,Automotive Fuel,Morning,Miss Ada,Tuesday,Diesel,19332,₦820,"₦15,852,240",March,3,1,,
04/03/2025,Maryland,Automotive Fuel,Morning,Miss Ada,Tuesday,LPG (kg),2466,₦850,"₦2,096,100",March,3,1,,
05/03/2025,Idimu,Automotive Fuel,Afternoon,Miss Ada,Wednesday,AGO,11005,₦750,"₦8,253,750",March,3,1,,
05/03/2025,Idimu,Automotive Fuel,Afternoon,Miss Ada,Wednesday,PMS,11431,₦650,"₦7,430,150",March,3,1,,
05/03/2025,Idimu,Automotive Fuel,Afternoon,Miss Ada,Wednesday,Lubricant,1222,"₦2,000","₦2,444,000",March,3,1,,
05/03/2025,Idimu,Automotive Fuel,Afternoon,Miss Ada,Wednesday,Diesel,17246,₦820,"₦14,141,720",March,3,1,,
05/03/2025,Idimu,Automotive Fuel,Afternoon,Miss Ada,Wednesday,LPG (kg),2838,₦850,"₦2,412,300",March,3,1,,
06/03/2025,Iwaya,Cooking Gas,Afternoon,Miss Ada,Thursday,AGO,12341,₦750,"₦9,255,750",March,3,1,,
06/03/2025,Iwaya,Cooking Gas,Afternoon,Miss Ada,Thursday,PMS,18991,₦650,"₦12,344,150",March,3,1,,
06/03/2025,Iwaya,Cooking Gas,Afternoon,Miss Ada,Thursday,Lubricant,1045,"₦2,000","₦2,090,000",March,3,1,,
06/03/2025,Iwaya,Cooking Gas,Afternoon,Miss Ada,Thursday,Diesel,9088,₦820,"₦7,452,160",March,3,1,,
06/03/2025,Iwaya,Cooking Gas,Afternoon,Miss Ada,Thursday,LPG (kg),2270,₦850,"₦1,929,500",March,3,1,,
07/03/2025,Maryland,Cooking Gas,Morning,Miss Ada,Friday,AGO,8102,₦750,"₦6,076,500",March,3,1,,
07/03/2025,Maryland,Cooking Gas,Morning,Miss Ada,Friday,PMS,22263,₦650,"₦14,470,950",March,3,1,,
07/03/2025,Maryland,Cooking Gas,Morning,Miss Ada,Friday,Lubricant,860,"₦2,000","₦1,720,000",March,3,1,,
07/03/2025,Maryland,Cooking Gas,Morning,Miss Ada,Friday,Diesel,16668,₦820,"₦13,667,760",March,3,1,,
07/03/2025,Maryland,Cooking Gas,Morning,Miss Ada,Friday,LPG (kg),2904,₦850,"₦2,468,400",March,3,1,,
08/03/2025,Idimu,Lubricant,Afternoon,Miss Ada,Saturday,AGO,11846,₦750,"₦8,884,500",March,3,1,,
08/03/2025,Idimu,Lubricant,Afternoon,Miss Ada,Saturday,PMS,26040,₦650,"₦16,926,000",March,3,1,,
08/03/2025,Idimu,Lubricant,Afternoon,Miss Ada,Saturday,Lubricant,1393,"₦2,000","₦2,786,000",March,3,1,,
08/03/2025,Idimu,Lubricant,Afternoon,Miss Ada,Saturday,Diesel,10934,₦820,"₦8,965,880",March,3,1,,
08/03/2025,Idimu,Lubricant,Afternoon,Miss Ada,Saturday,LPG (kg),1488,₦850,"₦1,264,800",March,3,1,,
09/03/2025,Iwaya,Cooking Gas,Night,Mr Tunde,Sunday,AGO,8750,₦750,"₦6,562,500",March,3,1,,
09/03/2025,Iwaya,Cooking Gas,Night,Mr Tunde,Sunday,PMS,17202,₦650,"₦11,181,300",March,3,1,,
09/03/2025,Iwaya,Cooking Gas,Night,Mr Tunde,Sunday,Lubricant,1352,"₦2,000","₦2,704,000",March,3,1,,
09/03/2025,Iwaya,Cooking Gas,Night,Mr Tunde,Sunday,Diesel,11405,₦820,"₦9,352,100",March,3,1,,
09/03/2025,Iwaya,Cooking Gas,Night,Mr Tunde,Sunday,LPG (kg),2236,₦850,"₦1,900,600",March,3,1,,
10/03/2025,Maryland,Cooking Gas,Morning,Mrs Chika,Monday,AGO,14977,₦750,"₦11,232,750",March,3,1,,
10/03/2025,Maryland,Cooking Gas,Morning,Mrs Chika,Monday,PMS,18687,₦650,"₦12,146,550",March,3,1,,
10/03/2025,Maryland,Cooking Gas,Morning,Mrs Chika,Monday,Lubricant,1465,"₦2,000","₦2,930,000",March,3,1,,
10/03/2025,Maryland,Cooking Gas,Morning,Mrs Chika,Monday,Diesel,12624,₦820,"₦10,351,680",March,3,1,,
10/03/2025,Maryland,Cooking Gas,Morning,Mrs Chika,Monday,LPG (kg),1288,₦850,"₦1,094,800",March,3,1,,
11/03/2025,Idimu,Lubricant,Night,Miss Ada,Tuesday,AGO,8388,₦750,"₦6,291,000",March,3,1,,
11/03/2025,Idimu,Lubricant,Night,Miss Ada,Tuesday,PMS,16795,₦650,"₦10,916,750",March,3,1,,
11/03/2025,Idimu,Lubricant,Night,Miss Ada,Tuesday,Lubricant,846,"₦2,000","₦1,692,000",March,3,1,,
11/03/2025,Idimu,Lubricant,Night,Miss Ada,Tuesday,Diesel,8180,₦820,"₦6,707,600",March,3,1,,
11/03/2025,Idimu,Lubricant,Night,Miss Ada,Tuesday,LPG (kg),2776,₦850,"₦2,359,600",March,3,1,,
12/03/2025,Iwaya,Lubricant,Night,Miss Ada,Wednesday,AGO,6568,₦750,"₦4,926,000",March,3,1,,
12/03/2025,Iwaya,Lubricant,Night,Miss Ada,Wednesday,PMS,29765,₦650,"₦19,347,250",March,3,1,,
12/03/2025,Iwaya,Lubricant,Night,Miss Ada,Wednesday,Lubricant,1015,"₦2,000","₦2,030,000",March,3,1,,
12/03/2025,Iwaya,Lubricant,Night,Miss Ada,Wednesday,Diesel,15420,₦820,"₦12,644,400",March,3,1,,
12/03/2025,Iwaya,Lubricant,Night,Miss Ada,Wednesday,LPG (kg),1705,₦850,"₦1,449,250",March,3,1,,
13/03/2025,Maryland,Automotive Fuel,Morning,Miss Ada,Thursday,AGO,12055,₦750,"₦9,041,250",March,3,1,,
13/03/2025,Maryland,Automotive Fuel,Morning,Miss Ada,Thursday,PMS,15492,₦650,"₦10,069,800",March,3,1,,
13/03/2025,Maryland,Automotive Fuel,Morning,Miss Ada,Thursday,Lubricant,1009,"₦2,000","₦2,018,000",March,3,1,,
13/03/2025,Maryland,Automotive Fuel,Morning,Miss Ada,Thursday,Diesel,18348,₦820,"₦15,045,360",March,3,1,,
13/03/2025,Maryland,Automotive Fuel,Morning,Miss Ada,Thursday,LPG (kg),2663,₦850,"₦2,263,550",March,3,1,,
14/03/2025,Idimu,Cooking Gas,Afternoon,Miss Ada,Friday,AGO,12596,₦750,"₦9,447,000",March,3,1,,
14/03/2025,Idimu,Cooking Gas,Afternoon,Miss Ada,Friday,PMS,29145,₦650,"₦18,944,250",March,3,1,,
14/03/2025,Idimu,Cooking Gas,Afternoon,Miss Ada,Friday,Lubricant,1273,"₦2,000","₦2,546,000",March,3,1,,
14/03/2025,Idimu,Cooking Gas,Afternoon,Miss Ada,Friday,Diesel,10561,₦820,"₦8,660,020",March,3,1,,
14/03/2025,Idimu,Cooking Gas,Afternoon,Miss Ada,Friday,LPG (kg),2749,₦850,"₦2,336,650",March,3,1,,
15/03/2025,Iwaya,Lubricant,Afternoon,Mr Tunde,Saturday,AGO,12206,₦750,"₦9,154,500",March,3,1,,
15/03/2025,Iwaya,Lubricant,Afternoon,Mr Tunde,Saturday,PMS,26804,₦650,"₦17,422,600",March,3,1,,
15/03/2025,Iwaya,Lubricant,Afternoon,Mr Tunde,Saturday,Lubricant,1056,"₦2,000","₦2,112,000",March,3,1,,
15/03/2025,Iwaya,Lubricant,Afternoon,Mr Tunde,Saturday,Diesel,11478,₦820,"₦9,411,960",March,3,1,,
15/03/2025,Iwaya,Lubricant,Afternoon,Mr Tunde,Saturday,LPG (kg),1914,₦850,"₦1,626,900",March,3,1,,
16/03/2025,Maryland,Automotive Fuel,Morning,Mr Tunde,Sunday,AGO,13147,₦750,"₦9,860,250",March,3,1,,
16/03/2025,Maryland,Automotive Fuel,Morning,Mr Tunde,Sunday,PMS,16915,₦650,"₦10,994,750",March,3,1,,
16/03/2025,Maryland,Automotive Fuel,Morning,Mr Tunde,Sunday,Lubricant,1382,"₦2,000","₦2,764,000",March,3,1,,
16/03/2025,Maryland,Automotive Fuel,Morning,Mr Tunde,Sunday,Diesel,8526,₦820,"₦6,991,320",March,3,1,,
16/03/2025,Maryland,Automotive Fuel,Morning,Mr Tunde,Sunday,LPG (kg),1727,₦850,"₦1,467,950",March,3,1,,
17/03/2025,Idimu,Automotive Fuel,Night,Mr John,Monday,AGO,13476,₦750,"₦10,107,000",March,3,1,,
17/03/2025,Idimu,Automotive Fuel,Night,Mr John,Monday,PMS,17709,₦650,"₦11,510,850",March,3,1,,
17/03/2025,Idimu,Automotive Fuel,Night,Mr John,Monday,Lubricant,961,"₦2,000","₦1,922,000",March,3,1,,
17/03/2025,Idimu,Automotive Fuel,Night,Mr John,Monday,Diesel,15776,₦820,"₦12,936,320",March,3,1,,
17/03/2025,Idimu,Automotive Fuel,Night,Mr John,Monday,LPG (kg),1946,₦850,"₦1,654,100",March,3,1,,
18/03/2025,Iwaya,Lubricant,Morning,Mrs Chika,Tuesday,AGO,12606,₦750,"₦9,454,500",March,3,1,,
18/03/2025,Iwaya,Lubricant,Morning,Mrs Chika,Tuesday,PMS,16522,₦650,"₦10,739,300",March,3,1,,
18/03/2025,Iwaya,Lubricant,Morning,Mrs Chika,Tuesday,Lubricant,565,"₦2,000","₦1,130,000",March,3,1,,
18/03/2025,Iwaya,Lubricant,Morning,Mrs Chika,Tuesday,Diesel,13500,₦820,"₦11,070,000",March,3,1,,
18/03/2025,Iwaya,Lubricant,Morning,Mrs Chika,Tuesday,LPG (kg),2653,₦850,"₦2,255,050",March,3,1,,
19/03/2025,Maryland,Lubricant,Night,Mr Tunde,Wednesday,AGO,9021,₦750,"₦6,765,750",March,3,1,,
19/03/2025,Maryland,Lubricant,Night,Mr Tunde,Wednesday,PMS,11595,₦650,"₦7,536,750",March,3,1,,
19/03/2025,Maryland,Lubricant,Night,Mr Tunde,Wednesday,Lubricant,1143,"₦2,000","₦2,286,000",March,3,1,,
19/03/2025,Maryland,Lubricant,Night,Mr Tunde,Wednesday,Diesel,8540,₦820,"₦7,002,800",March,3,1,,
19/03/2025,Maryland,Lubricant,Night,Mr Tunde,Wednesday,LPG (kg),1505,₦850,"₦1,279,250",March,3,1,,
20/03/2025,Idimu,Cooking Gas,Afternoon,Mrs Chika,Thursday,AGO,11133,₦750,"₦8,349,750",March,3,1,,
20/03/2025,Idimu,Cooking Gas,Afternoon,Mrs Chika,Thursday,PMS,29949,₦650,"₦19,466,850",March,3,1,,
20/03/2025,Idimu,Cooking Gas,Afternoon,Mrs Chika,Thursday,Lubricant,1483,"₦2,000","₦2,966,000",March,3,1,,
20/03/2025,Idimu,Cooking Gas,Afternoon,Mrs Chika,Thursday,Diesel,13454,₦820,"₦11,032,280",March,3,1,,
20/03/2025,Idimu,Cooking Gas,Afternoon,Mrs Chika,Thursday,LPG (kg),1414,₦850,"₦1,201,900",March,3,1,,
21/03/2025,Iwaya,Cooking Gas,Night,Miss Ada,Friday,AGO,7758,₦750,"₦5,818,500",March,3,1,,
21/03/2025,Iwaya,Cooking Gas,Night,Miss Ada,Friday,PMS,28148,₦650,"₦18,296,200",March,3,1,,
21/03/2025,Iwaya,Cooking Gas,Night,Miss Ada,Friday,Lubricant,1498,"₦2,000","₦2,996,000",March,3,1,,
21/03/2025,Iwaya,Cooking Gas,Night,Miss Ada,Friday,Diesel,9233,₦820,"₦7,571,060",March,3,1,,
21/03/2025,Iwaya,Cooking Gas,Night,Miss Ada,Friday,LPG (kg),1399,₦850,"₦1,189,150",March,3,1,,
22/03/2025,Maryland,Automotive Fuel,Morning,Mr John,Saturday,AGO,12817,₦750,"₦9,612,750",March,3,1,,
22/03/2025,Maryland,Automotive Fuel,Morning,Mr John,Saturday,PMS,28243,₦650,"₦18,357,950",March,3,1,,
22/03/2025,Maryland,Automotive Fuel,Morning,Mr John,Saturday,Lubricant,683,"₦2,000","₦1,366,000",March,3,1,,
22/03/2025,Maryland,Automotive Fuel,Morning,Mr John,Saturday,Diesel,10603,₦820,"₦8,694,460",March,3,1,,
22/03/2025,Maryland,Automotive Fuel,Morning,Mr John,Saturday,LPG (kg),2316,₦850,"₦1,968,600",March,3,1,,
23/03/2025,Idimu,Automotive Fuel,Night,Mr Tunde,Sunday,AGO,9131,₦750,"₦6,848,250",March,3,1,,
23/03/2025,Idimu,Automotive Fuel,Night,Mr Tunde,Sunday,PMS,20808,₦650,"₦13,525,200",March,3,1,,
23/03/2025,Idimu,Automotive Fuel,Night,Mr Tunde,Sunday,Lubricant,960,"₦2,000","₦1,920,000",March,3,1,,
23/03/2025,Idimu,Automotive Fuel,Night,Mr Tunde,Sunday,Diesel,15042,₦820,"₦12,334,440",March,3,1,,
23/03/2025,Idimu,Automotive Fuel,Night,Mr Tunde,Sunday,LPG (kg),2905,₦850,"₦2,469,250",March,3,1,,
24/03/2025,Iwaya,Cooking Gas,Night,Mr John,Monday,AGO,9095,₦750,"₦6,821,250",March,3,1,,
24/03/2025,Iwaya,Cooking Gas,Night,Mr John,Monday,PMS,14240,₦650,"₦9,256,000",March,3,1,,
24/03/2025,Iwaya,Cooking Gas,Night,Mr John,Monday,Lubricant,723,"₦2,000","₦1,446,000",March,3,1,,
24/03/2025,Iwaya,Cooking Gas,Night,Mr John,Monday,Diesel,14319,₦820,"₦11,741,580",March,3,1,,
24/03/2025,Iwaya,Cooking Gas,Night,Mr John,Monday,LPG (kg),2413,₦850,"₦2,051,050",March,3,1,,
25/03/2025,Maryland,Lubricant,Morning,Mr John,Tuesday,AGO,8003,₦750,"₦6,002,250",March,3,1,,
25/03/2025,Maryland,Lubricant,Morning,Mr John,Tuesday,PMS,13237,₦650,"₦8,604,050",March,3,1,,
25/03/2025,Maryland,Lubricant,Morning,Mr John,Tuesday,Lubricant,574,"₦2,000","₦1,148,000",March,3,1,,
25/03/2025,Maryland,Lubricant,Morning,Mr John,Tuesday,Diesel,11598,₦820,"₦9,510,360",March,3,1,,
25/03/2025,Maryland,Lubricant,Morning,Mr John,Tuesday,LPG (kg),1016,₦850,"₦863,600",March,3,1,,
26/03/2025,Idimu,Lubricant,Afternoon,Miss Ada,Wednesday,AGO,8732,₦750,"₦6,549,000",March,3,1,,
26/03/2025,Idimu,Lubricant,Afternoon,Miss Ada,Wednesday,PMS,10048,₦650,"₦6,531,200",March,3,1,,
26/03/2025,Idimu,Lubricant,Afternoon,Miss Ada,Wednesday,Lubricant,785,"₦2,000","₦1,570,000",March,3,1,,
26/03/2025,Idimu,Lubricant,Afternoon,Miss Ada,Wednesday,Diesel,10911,₦820,"₦8,947,020",March,3,1,,
26/03/2025,Idimu,Lubricant,Afternoon,Miss Ada,Wednesday,LPG (kg),2249,₦850,"₦1,911,650",March,3,1,,
27/03/2025,Iwaya,Lubricant,Night,Mr Tunde,Thursday,AGO,12689,₦750,"₦9,516,750",March,3,1,,
27/03/2025,Iwaya,Lubricant,Night,Mr Tunde,Thursday,PMS,15456,₦650,"₦10,046,400",March,3,1,,
27/03/2025,Iwaya,Lubricant,Night,Mr Tunde,Thursday,Lubricant,1159,"₦2,000","₦2,318,000",March,3,1,,
27/03/2025,Iwaya,Lubricant,Night,Mr Tunde,Thursday,Diesel,18004,₦820,"₦14,763,280",March,3,1,,
27/03/2025,Iwaya,Lubricant,Night,Mr Tunde,Thursday,LPG (kg),2449,₦850,"₦2,081,650",March,3,1,,
28/03/2025,Maryland,Automotive Fuel,Afternoon,Mr John,Friday,AGO,13767,₦750,"₦10,325,250",March,3,1,,
28/03/2025,Maryland,Automotive Fuel,Afternoon,Mr John,Friday,PMS,28986,₦650,"₦18,840,900",March,3,1,,
28/03/2025,Maryland,Automotive Fuel,Afternoon,Mr John,Friday,Lubricant,568,"₦2,000","₦1,136,000",March,3,1,,
28/03/2025,Maryland,Automotive Fuel,Afternoon,Mr John,Friday,Diesel,15394,₦820,"₦12,623,080",March,3,1,,
28/03/2025,Maryland,Automotive Fuel,Afternoon,Mr John,Friday,LPG (kg),2657,₦850,"₦2,258,450",March,3,1,,
29/03/2025,Idimu,Automotive Fuel,Afternoon,Mr John,Saturday,AGO,6388,₦750,"₦4,791,000",March,3,1,,
29/03/2025,Idimu,Automotive Fuel,Afternoon,Mr John,Saturday,PMS,16640,₦650,"₦10,816,000",March,3,1,,
29/03/2025,Idimu,Automotive Fuel,Afternoon,Mr John,Saturday,Lubricant,572,"₦2,000","₦1,144,000",March,3,1,,
29/03/2025,Idimu,Automotive Fuel,Afternoon,Mr John,Saturday,Diesel,11701,₦820,"₦9,594,820",March,3,1,,
29/03/2025,Idimu,Automotive Fuel,Afternoon,Mr John,Saturday,LPG (kg),2444,₦850,"₦2,077,400",March,3,1,,
30/03/2025,Iwaya,Cooking Gas,Morning,Mrs Chika,Sunday,AGO,14426,₦750,"₦10,819,500",March,3,1,,
30/03/2025,Iwaya,Cooking Gas,Morning,Mrs Chika,Sunday,PMS,25636,₦650,"₦16,663,400",March,3,1,,
30/03/2025,Iwaya,Cooking Gas,Morning,Mrs Chika,Sunday,Lubricant,663,"₦2,000","₦1,326,000",March,3,1,,
30/03/2025,Iwaya,Cooking Gas,Morning,Mrs Chika,Sunday,Diesel,14756,₦820,"₦12,099,920",March,3,1,,
30/03/2025,Iwaya,Cooking Gas,Morning,Mrs Chika,Sunday,LPG (kg),1577,₦850,"₦1,340,450",March,3,1,,
31/03/2025,Maryland,Cooking Gas,Night,Mr Tunde,Monday,AGO,14647,₦750,"₦10,985,250",March,3,1,,
31/03/2025,Maryland,Cooking Gas,Night,Mr Tunde,Monday,PMS,11983,₦650,"₦7,788,950",March,3,1,,
31/03/2025,Maryland,Cooking Gas,Night,Mr Tunde,Monday,Lubricant,746,"₦2,000","₦1,492,000",March,3,1,,
31/03/2025,Maryland,Cooking Gas,Night,Mr Tunde,Monday,Diesel,13415,₦820,"₦11,000,300",March,3,1,,
31/03/2025,Maryland,Cooking Gas,Night,Mr Tunde,Monday,LPG (kg),1104,₦850,"₦938,400",March,3,1,,
01/01/2025,Idimu,Automotive Fuel,Afternoon,Miss Ada,Wednesday,AGO,7331,₦750,"₦5,498,250",January,1,1,,
01/01/2025,Idimu,Automotive Fuel,Afternoon,Miss Ada,Wednesday,PMS,12945,₦650,"₦8,414,250",January,1,1,,
01/01/2025,Idimu,Automotive Fuel,Afternoon,Miss Ada,Wednesday,Lubricant,1348,"₦2,000","₦2,696,000",January,1,1,,
01/01/2025,Idimu,Automotive Fuel,Afternoon,Miss Ada,Wednesday,Diesel,18400,₦820,"₦15,088,000",January,1,1,,
01/01/2025,Idimu,Automotive Fuel,Afternoon,Miss Ada,Wednesday,LPG (kg),1928,₦850,"₦1,638,800",January,1,1,,
02/01/2025,Iwaya,Lubricant,Morning,Mr John,Thursday,AGO,12924,₦750,"₦9,693,000",January,1,1,,
02/01/2025,Iwaya,Lubricant,Morning,Mr John,Thursday,PMS,11273,₦650,"₦7,327,450",January,1,1,,
02/01/2025,Iwaya,Lubricant,Morning,Mr John,Thursday,Lubricant,753,"₦2,000","₦1,506,000",January,1,1,,
02/01/2025,Iwaya,Lubricant,Morning,Mr John,Thursday,Diesel,16233,₦820,"₦13,311,060",January,1,1,,
02/01/2025,Iwaya,Lubricant,Morning,Mr John,Thursday,LPG (kg),1595,₦850,"₦1,355,750",January,1,1,,
03/01/2025,Maryland,Automotive Fuel,Afternoon,Mr Tunde,Friday,AGO,9498,₦750,"₦7,123,500",January,1,1,,
03/01/2025,Maryland,Automotive Fuel,Afternoon,Mr Tunde,Friday,PMS,10193,₦650,"₦6,625,450",January,1,1,,
03/01/2025,Maryland,Automotive Fuel,Afternoon,Mr Tunde,Friday,Lubricant,1088,"₦2,000","₦2,176,000",January,1,1,,
03/01/2025,Maryland,Automotive Fuel,Afternoon,Mr Tunde,Friday,Diesel,12913,₦820,"₦10,588,660",January,1,1,,
03/01/2025,Maryland,Automotive Fuel,Afternoon,Mr Tunde,Friday,LPG (kg),2579,₦850,"₦2,192,150",January,1,1,,
04/01/2025,Idimu,Automotive Fuel,Morning,Mr Tunde,Saturday,AGO,14276,₦750,"₦10,707,000",January,1,1,,
04/01/2025,Idimu,Automotive Fuel,Morning,Mr Tunde,Saturday,PMS,24858,₦650,"₦16,157,700",January,1,1,,
04/01/2025,Idimu,Automotive Fuel,Morning,Mr Tunde,Saturday,Lubricant,710,"₦2,000","₦1,420,000",January,1,1,,
04/01/2025,Idimu,Automotive Fuel,Morning,Mr Tunde,Saturday,Diesel,14940,₦820,"₦12,250,800",January,1,1,,
04/01/2025,Idimu,Automotive Fuel,Morning,Mr Tunde,Saturday,LPG (kg),1037,₦850,"₦881,450",January,1,1,,
05/01/2025,Iwaya,Cooking Gas,Morning,Mr John,Sunday,AGO,6965,₦750,"₦5,223,750",January,1,1,,
05/01/2025,Iwaya,Cooking Gas,Morning,Mr John,Sunday,PMS,28880,₦650,"₦18,772,000",January,1,1,,
05/01/2025,Iwaya,Cooking Gas,Morning,Mr John,Sunday,Lubricant,904,"₦2,000","₦1,808,000",January,1,1,,
05/01/2025,Iwaya,Cooking Gas,Morning,Mr John,Sunday,Diesel,11850,₦820,"₦9,717,000",January,1,1,,
05/01/2025,Iwaya,Cooking Gas,Morning,Mr John,Sunday,LPG (kg),2301,₦850,"₦1,955,850",January,1,1,,
06/01/2025,Maryland,Automotive Fuel,Night,Mr John,Monday,AGO,13990,₦750,"₦10,492,500",January,1,1,,
06/01/2025,Maryland,Automotive Fuel,Night,Mr John,Monday,PMS,10899,₦650,"₦7,084,350",January,1,1,,
06/01/2025,Maryland,Automotive Fuel,Night,Mr John,Monday,Lubricant,1374,"₦2,000","₦2,748,000",January,1,1,,
06/01/2025,Maryland,Automotive Fuel,Night,Mr John,Monday,Diesel,8075,₦820,"₦6,621,500",January,1,1,,
06/01/2025,Maryland,Automotive Fuel,Night,Mr John,Monday,LPG (kg),1616,₦850,"₦1,373,600",January,1,1,,
07/01/2025,Idimu,Automotive Fuel,Night,Mr John,Tuesday,AGO,12823,₦750,"₦9,617,250",January,1,1,,
07/01/2025,Idimu,Automotive Fuel,Night,Mr John,Tuesday,PMS,16987,₦650,"₦11,041,550",January,1,1,,
07/01/2025,Idimu,Automotive Fuel,Night,Mr John,Tuesday,Lubricant,761,"₦2,000","₦1,522,000",January,1,1,,
07/01/2025,Idimu,Automotive Fuel,Night,Mr John,Tuesday,Diesel,18269,₦820,"₦14,980,580",January,1,1,,
07/01/2025,Idimu,Automotive Fuel,Night,Mr John,Tuesday,LPG (kg),1620,₦850,"₦1,377,000",January,1,1,,
08/01/2025,Iwaya,Automotive Fuel,Morning,Mr Tunde,Wednesday,AGO,14832,₦750,"₦11,124,000",January,1,1,,
08/01/2025,Iwaya,Automotive Fuel,Morning,Mr Tunde,Wednesday,PMS,13626,₦650,"₦8,856,900",January,1,1,,
08/01/2025,Iwaya,Automotive Fuel,Morning,Mr Tunde,Wednesday,Lubricant,1292,"₦2,000","₦2,584,000",January,1,1,,
08/01/2025,Iwaya,Automotive Fuel,Morning,Mr Tunde,Wednesday,Diesel,18103,₦820,"₦14,844,460",January,1,1,,
08/01/2025,Iwaya,Automotive Fuel,Morning,Mr Tunde,Wednesday,LPG (kg),1537,₦850,"₦1,306,450",January,1,1,,
09/01/2025,Maryland,Automotive Fuel,Morning,Mr John,Thursday,AGO,12139,₦750,"₦9,104,250",January,1,1,,
09/01/2025,Maryland,Automotive Fuel,Morning,Mr John,Thursday,PMS,17445,₦650,"₦11,339,250",January,1,1,,
09/01/2025,Maryland,Automotive Fuel,Morning,Mr John,Thursday,Lubricant,1116,"₦2,000","₦2,232,000",January,1,1,,
09/01/2025,Maryland,Automotive Fuel,Morning,Mr John,Thursday,Diesel,8042,₦820,"₦6,594,440",January,1,1,,
09/01/2025,Maryland,Automotive Fuel,Morning,Mr John,Thursday,LPG (kg),1343,₦850,"₦1,141,550",January,1,1,,
10/01/2025,Idimu,Automotive Fuel,Afternoon,Mr John,Friday,AGO,9186,₦750,"₦6,889,500",January,1,1,,
10/01/2025,Idimu,Automotive Fuel,Afternoon,Mr John,Friday,PMS,21061,₦650,"₦13,689,650",January,1,1,,
10/01/2025,Idimu,Automotive Fuel,Afternoon,Mr John,Friday,Lubricant,694,"₦2,000","₦1,388,000",January,1,1,,
10/01/2025,Idimu,Automotive Fuel,Afternoon,Mr John,Friday,Diesel,18008,₦820,"₦14,766,560",January,1,1,,
10/01/2025,Idimu,Automotive Fuel,Afternoon,Mr John,Friday,LPG (kg),2089,₦850,"₦1,775,650",January,1,1,,
11/01/2025,Iwaya,Automotive Fuel,Afternoon,Miss Ada,Saturday,AGO,10195,₦750,"₦7,646,250",January,1,1,,
11/01/2025,Iwaya,Automotive Fuel,Afternoon,Miss Ada,Saturday,PMS,16404,₦650,"₦10,662,600",January,1,1,,
11/01/2025,Iwaya,Automotive Fuel,Afternoon,Miss Ada,Saturday,Lubricant,1408,"₦2,000","₦2,816,000",January,1,1,,
11/01/2025,Iwaya,Automotive Fuel,Afternoon,Miss Ada,Saturday,Diesel,10962,₦820,"₦8,988,840",January,1,1,,
11/01/2025,Iwaya,Automotive Fuel,Afternoon,Miss Ada,Saturday,LPG (kg),2239,₦850,"₦1,903,150",January,1,1,,
12/01/2025,Maryland,Lubricant,Afternoon,Mr Tunde,Sunday,AGO,5624,₦750,"₦4,218,000",January,1,1,,
12/01/2025,Maryland,Lubricant,Afternoon,Mr Tunde,Sunday,PMS,13663,₦650,"₦8,880,950",January,1,1,,
12/01/2025,Maryland,Lubricant,Afternoon,Mr Tunde,Sunday,Lubricant,993,"₦2,000","₦1,986,000",January,1,1,,
12/01/2025,Maryland,Lubricant,Afternoon,Mr Tunde,Sunday,Diesel,10418,₦820,"₦8,542,760",January,1,1,,
12/01/2025,Maryland,Lubricant,Afternoon,Mr Tunde,Sunday,LPG (kg),2723,₦850,"₦2,314,550",January,1,1,,
13/01/2025,Idimu,Lubricant,Morning,Mr Tunde,Monday,AGO,7023,₦750,"₦5,267,250",January,1,1,,
13/01/2025,Idimu,Lubricant,Morning,Mr Tunde,Monday,PMS,25693,₦650,"₦16,700,450",January,1,1,,
13/01/2025,Idimu,Lubricant,Morning,Mr Tunde,Monday,Lubricant,1464,"₦2,000","₦2,928,000",January,1,1,,
13/01/2025,Idimu,Lubricant,Morning,Mr Tunde,Monday,Diesel,15063,₦820,"₦12,351,660",January,1,1,,
13/01/2025,Idimu,Lubricant,Morning,Mr Tunde,Monday,LPG (kg),1249,₦850,"₦1,061,650",January,1,1,,
14/01/2025,Iwaya,Lubricant,Night,Mr Tunde,Tuesday,AGO,12520,₦750,"₦9,390,000",January,1,1,,
14/01/2025,Iwaya,Lubricant,Night,Mr Tunde,Tuesday,PMS,29676,₦650,"₦19,289,400",January,1,1,,
14/01/2025,Iwaya,Lubricant,Night,Mr Tunde,Tuesday,Lubricant,1026,"₦2,000","₦2,052,000",January,1,1,,
14/01/2025,Iwaya,Lubricant,Night,Mr Tunde,Tuesday,Diesel,18591,₦820,"₦15,244,620",January,1,1,,
14/01/2025,Iwaya,Lubricant,Night,Mr Tunde,Tuesday,LPG (kg),2209,₦850,"₦1,877,650",January,1,1,,
15/01/2025,Maryland,Lubricant,Night,Mr Tunde,Wednesday,AGO,14484,₦750,"₦10,863,000",January,1,1,,
15/01/2025,Maryland,Lubricant,Night,Mr Tunde,Wednesday,PMS,13325,₦650,"₦8,661,250",January,1,1,,
15/01/2025,Maryland,Lubricant,Night,Mr Tunde,Wednesday,Lubricant,1177,"₦2,000","₦2,354,000",January,1,1,,
15/01/2025,Maryland,Lubricant,Night,Mr Tunde,Wednesday,Diesel,8181,₦820,"₦6,708,420",January,1,1,,
15/01/2025,Maryland,Lubricant,Night,Mr Tunde,Wednesday,LPG (kg),2215,₦850,"₦1,882,750",January,1,1,,
16/01/2025,Idimu,Cooking Gas,Morning,Miss Ada,Thursday,AGO,7031,₦750,"₦5,273,250",January,1,1,,
16/01/2025,Idimu,Cooking Gas,Morning,Miss Ada,Thursday,PMS,13066,₦650,"₦8,492,900",January,1,1,,
16/01/2025,Idimu,Cooking Gas,Morning,Miss Ada,Thursday,Lubricant,1191,"₦2,000","₦2,382,000",January,1,1,,
16/01/2025,Idimu,Cooking Gas,Morning,Miss Ada,Thursday,Diesel,14085,₦820,"₦11,549,700",January,1,1,,
16/01/2025,Idimu,Cooking Gas,Morning,Miss Ada,Thursday,LPG (kg),2474,₦850,"₦2,102,900",January,1,1,,
17/01/2025,Iwaya,Automotive Fuel,Morning,Mrs Chika,Friday,AGO,10547,₦750,"₦7,910,250",January,1,1,,
17/01/2025,Iwaya,Automotive Fuel,Morning,Mrs Chika,Friday,PMS,13451,₦650,"₦8,743,150",January,1,1,,
17/01/2025,Iwaya,Automotive Fuel,Morning,Mrs Chika,Friday,Lubricant,1221,"₦2,000","₦2,442,000",January,1,1,,
17/01/2025,Iwaya,Automotive Fuel,Morning,Mrs Chika,Friday,Diesel,13160,₦820,"₦10,791,200",January,1,1,,
17/01/2025,Iwaya,Automotive Fuel,Morning,Mrs Chika,Friday,LPG (kg),2182,₦850,"₦1,854,700",January,1,1,,
18/01/2025,Maryland,Lubricant,Morning,Mrs Chika,Saturday,AGO,5287,₦750,"₦3,965,250",January,1,1,,
18/01/2025,Maryland,Lubricant,Morning,Mrs Chika,Saturday,PMS,17914,₦650,"₦11,644,100",January,1,1,,
18/01/2025,Maryland,Lubricant,Morning,Mrs Chika,Saturday,Lubricant,924,"₦2,000","₦1,848,000",January,1,1,,
18/01/2025,Maryland,Lubricant,Morning,Mrs Chika,Saturday,Diesel,10191,₦820,"₦8,356,620",January,1,1,,
18/01/2025,Maryland,Lubricant,Morning,Mrs Chika,Saturday,LPG (kg),2396,₦850,"₦2,036,600",January,1,1,,
19/01/2025,Idimu,Automotive Fuel,Afternoon,Mr Tunde,Sunday,AGO,10335,₦750,"₦7,751,250",January,1,1,,
19/01/2025,Idimu,Automotive Fuel,Afternoon,Mr Tunde,Sunday,PMS,11968,₦650,"₦7,779,200",January,1,1,,
19/01/2025,Idimu,Automotive Fuel,Afternoon,Mr Tunde,Sunday,Lubricant,592,"₦2,000","₦1,184,000",January,1,1,,
19/01/2025,Idimu,Automotive Fuel,Afternoon,Mr Tunde,Sunday,Diesel,12217,₦820,"₦10,017,940",January,1,1,,
19/01/2025,Idimu,Automotive Fuel,Afternoon,Mr Tunde,Sunday,LPG (kg),2914,₦850,"₦2,476,900",January,1,1,,
20/01/2025,Iwaya,Lubricant,Afternoon,Mrs Chika,Monday,AGO,13589,₦750,"₦10,191,750",January,1,1,,
20/01/2025,Iwaya,Lubricant,Afternoon,Mrs Chika,Monday,PMS,29111,₦650,"₦18,922,150",January,1,1,,
20/01/2025,Iwaya,Lubricant,Afternoon,Mrs Chika,Monday,Lubricant,744,"₦2,000","₦1,488,000",January,1,1,,
20/01/2025,Iwaya,Lubricant,Afternoon,Mrs Chika,Monday,Diesel,18581,₦820,"₦15,236,420",January,1,1,,
20/01/2025,Iwaya,Lubricant,Afternoon,Mrs Chika,Monday,LPG (kg),1029,₦850,"₦874,650",January,1,1,,
21/01/2025,Maryland,Lubricant,Morning,Miss Ada,Tuesday,AGO,8399,₦750,"₦6,299,250",January,1,1,,
21/01/2025,Maryland,Lubricant,Morning,Miss Ada,Tuesday,PMS,20257,₦650,"₦13,167,050",January,1,1,,
21/01/2025,Maryland,Lubricant,Morning,Miss Ada,Tuesday,Lubricant,1217,"₦2,000","₦2,434,000",January,1,1,,
21/01/2025,Maryland,Lubricant,Morning,Miss Ada,Tuesday,Diesel,8000,₦820,"₦6,560,000",January,1,1,,
21/01/2025,Maryland,Lubricant,Morning,Miss Ada,Tuesday,LPG (kg),1009,₦850,"₦857,650",January,1,1,,
22/01/2025,Idimu,Lubricant,Night,Mr Tunde,Wednesday,AGO,12596,₦750,"₦9,447,000",January,1,1,,
22/01/2025,Idimu,Lubricant,Night,Mr Tunde,Wednesday,PMS,12021,₦650,"₦7,813,650",January,1,1,,
22/01/2025,Idimu,Lubricant,Night,Mr Tunde,Wednesday,Lubricant,707,"₦2,000","₦1,414,000",January,1,1,,
22/01/2025,Idimu,Lubricant,Night,Mr Tunde,Wednesday,Diesel,10686,₦820,"₦8,762,520",January,1,1,,
22/01/2025,Idimu,Lubricant,Night,Mr Tunde,Wednesday,LPG (kg),1388,₦850,"₦1,179,800",January,1,1,,
23/01/2025,Iwaya,Automotive Fuel,Night,Mr Tunde,Thursday,AGO,6470,₦750,"₦4,852,500",January,1,1,,
23/01/2025,Iwaya,Automotive Fuel,Night,Mr Tunde,Thursday,PMS,12639,₦650,"₦8,215,350",January,1,1,,
23/01/2025,Iwaya,Automotive Fuel,Night,Mr Tunde,Thursday,Lubricant,1165,"₦2,000","₦2,330,000",January,1,1,,
23/01/2025,Iwaya,Automotive Fuel,Night,Mr Tunde,Thursday,Diesel,19086,₦820,"₦15,650,520",January,1,1,,
23/01/2025,Iwaya,Automotive Fuel,Night,Mr Tunde,Thursday,LPG (kg),1745,₦850,"₦1,483,250",January,1,1,,
24/01/2025,Maryland,Lubricant,Morning,Mr Tunde,Friday,AGO,6821,₦750,"₦5,115,750",January,1,1,,
24/01/2025,Maryland,Lubricant,Morning,Mr Tunde,Friday,PMS,27534,₦650,"₦17,897,100",January,1,1,,
24/01/2025,Maryland,Lubricant,Morning,Mr Tunde,Friday,Lubricant,1244,"₦2,000","₦2,488,000",January,1,1,,
24/01/2025,Maryland,Lubricant,Morning,Mr Tunde,Friday,Diesel,13117,₦820,"₦10,755,940",January,1,1,,
24/01/2025,Maryland,Lubricant,Morning,Mr Tunde,Friday,LPG (kg),1540,₦850,"₦1,309,000",January,1,1,,
25/01/2025,Idimu,Cooking Gas,Afternoon,Mrs Chika,Saturday,AGO,14699,₦750,"₦11,024,250",January,1,1,,
25/01/2025,Idimu,Cooking Gas,Afternoon,Mrs Chika,Saturday,PMS,28414,₦650,"₦18,469,100",January,1,1,,
25/01/2025,Idimu,Cooking Gas,Afternoon,Mrs Chika,Saturday,Lubricant,950,"₦2,000","₦1,900,000",January,1,1,,
25/01/2025,Idimu,Cooking Gas,Afternoon,Mrs Chika,Saturday,Diesel,15562,₦820,"₦12,760,840",January,1,1,,
25/01/2025,Idimu,Cooking Gas,Afternoon,Mrs Chika,Saturday,LPG (kg),2425,₦850,"₦2,061,250",January,1,1,,
26/01/2025,Iwaya,Lubricant,Morning,Mr John,Sunday,AGO,13977,₦750,"₦10,482,750",January,1,1,,
26/01/2025,Iwaya,Lubricant,Morning,Mr John,Sunday,PMS,10709,₦650,"₦6,960,850",January,1,1,,
26/01/2025,Iwaya,Lubricant,Morning,Mr John,Sunday,Lubricant,716,"₦2,000","₦1,432,000",January,1,1,,
26/01/2025,Iwaya,Lubricant,Morning,Mr John,Sunday,Diesel,13350,₦820,"₦10,947,000",January,1,1,,
26/01/2025,Iwaya,Lubricant,Morning,Mr John,Sunday,LPG (kg),1766,₦850,"₦1,501,100",January,1,1,,
27/01/2025,Maryland,Automotive Fuel,Night,Mr John,Monday,AGO,11783,₦750,"₦8,837,250",January,1,1,,
27/01/2025,Maryland,Automotive Fuel,Night,Mr John,Monday,PMS,23822,₦650,"₦15,484,300",January,1,1,,
27/01/2025,Maryland,Automotive Fuel,Night,Mr John,Monday,Lubricant,966,"₦2,000","₦1,932,000",January,1,1,,
27/01/2025,Maryland,Automotive Fuel,Night,Mr John,Monday,Diesel,8637,₦820,"₦7,082,340",January,1,1,,
27/01/2025,Maryland,Automotive Fuel,Night,Mr John,Monday,LPG (kg),2715,₦850,"₦2,307,750",January,1,1,,
28/01/2025,Idimu,Cooking Gas,Afternoon,Mr John,Tuesday,AGO,14066,₦750,"₦10,549,500",January,1,1,,
28/01/2025,Idimu,Cooking Gas,Afternoon,Mr John,Tuesday,PMS,27691,₦650,"₦17,999,150",January,1,1,,
28/01/2025,Idimu,Cooking Gas,Afternoon,Mr John,Tuesday,Lubricant,1250,"₦2,000","₦2,500,000",January,1,1,,
28/01/2025,Idimu,Cooking Gas,Afternoon,Mr John,Tuesday,Diesel,18458,₦820,"₦15,135,560",January,1,1,,
28/01/2025,Idimu,Cooking Gas,Afternoon,Mr John,Tuesday,LPG (kg),1204,₦850,"₦1,023,400",January,1,1,,
29/01/2025,Iwaya,Automotive Fuel,Morning,Mrs Chika,Wednesday,AGO,10844,₦750,"₦8,133,000",January,1,1,,
29/01/2025,Iwaya,Automotive Fuel,Morning,Mrs Chika,Wednesday,PMS,11631,₦650,"₦7,560,150",January,1,1,,
29/01/2025,Iwaya,Automotive Fuel,Morning,Mrs Chika,Wednesday,Lubricant,559,"₦2,000","₦1,118,000",January,1,1,,
29/01/2025,Iwaya,Automotive Fuel,Morning,Mrs Chika,Wednesday,Diesel,8474,₦820,"₦6,948,680",January,1,1,,
29/01/2025,Iwaya,Automotive Fuel,Morning,Mrs Chika,Wednesday,LPG (kg),2687,₦850,"₦2,283,950",January,1,1,,
30/01/2025,Maryland,Automotive Fuel,Night,Miss Ada,Thursday,AGO,9182,₦750,"₦6,886,500",January,1,1,,
30/01/2025,Maryland,Automotive Fuel,Night,Miss Ada,Thursday,PMS,13758,₦650,"₦8,942,700",January,1,1,,
30/01/2025,Maryland,Automotive Fuel,Night,Miss Ada,Thursday,Lubricant,707,"₦2,000","₦1,414,000",January,1,1,,
30/01/2025,Maryland,Automotive Fuel,Night,Miss Ada,Thursday,Diesel,19920,₦820,"₦16,334,400",January,1,1,,
30/01/2025,Maryland,Automotive Fuel,Night,Miss Ada,Thursday,LPG (kg),1328,₦850,"₦1,128,800",January,1,1,,
31/01/2025,Idimu,Cooking Gas,Morning,Mrs Chika,Friday,AGO,9010,₦750,"₦6,757,500",January,1,1,,
31/01/2025,Idimu,Cooking Gas,Morning,Mrs Chika,Friday,PMS,27944,₦650,"₦18,163,600",January,1,1,,
31/01/2025,Idimu,Cooking Gas,Morning,Mrs Chika,Friday,Lubricant,609,"₦2,000","₦1,218,000",January,1,1,,
31/01/2025,Idimu,Cooking Gas,Morning,Mrs Chika,Friday,Diesel,19588,₦820,"₦16,062,160",January,1,1,,
31/01/2025,Idimu,Cooking Gas,Morning,Mrs Chika,Friday,LPG (kg),1282,₦850,"₦1,089,700",January,1,1,,
01/02/2025,Iwaya,Lubricant,Morning,Miss Ada,Saturday,AGO,8019,₦750,"₦6,014,250",February,2,1,,
01/02/2025,Iwaya,Lubricant,Morning,Miss Ada,Saturday,PMS,13972,₦650,"₦9,081,800",February,2,1,,
01/02/2025,Iwaya,Lubricant,Morning,Miss Ada,Saturday,Lubricant,567,"₦2,000","₦1,134,000",February,2,1,,
01/02/2025,Iwaya,Lubricant,Morning,Miss Ada,Saturday,Diesel,18114,₦820,"₦14,853,480",February,2,1,,
01/02/2025,Iwaya,Lubricant,Morning,Miss Ada,Saturday,LPG (kg),1128,₦850,"₦958,800",February,2,1,,
02/02/2025,Maryland,Cooking Gas,Morning,Miss Ada,Sunday,AGO,9618,₦750,"₦7,213,500",February,2,1,,
02/02/2025,Maryland,Cooking Gas,Morning,Miss Ada,Sunday,PMS,15971,₦650,"₦10,381,150",February,2,1,,
02/02/2025,Maryland,Cooking Gas,Morning,Miss Ada,Sunday,Lubricant,866,"₦2,000","₦1,732,000",February,2,1,,
02/02/2025,Maryland,Cooking Gas,Morning,Miss Ada,Sunday,Diesel,8553,₦820,"₦7,013,460",February,2,1,,
02/02/2025,Maryland,Cooking Gas,Morning,Miss Ada,Sunday,LPG (kg),2883,₦850,"₦2,450,550",February,2,1,,
03/02/2025,Idimu,Lubricant,Night,Mrs Chika,Monday,AGO,8171,₦750,"₦6,128,250",February,2,1,,
03/02/2025,Idimu,Lubricant,Night,Mrs Chika,Monday,PMS,27436,₦650,"₦17,833,400",February,2,1,,
03/02/2025,Idimu,Lubricant,Night,Mrs Chika,Monday,Lubricant,888,"₦2,000","₦1,776,000",February,2,1,,
03/02/2025,Idimu,Lubricant,Night,Mrs Chika,Monday,Diesel,9976,₦820,"₦8,180,320",February,2,1,,
03/02/2025,Idimu,Lubricant,Night,Mrs Chika,Monday,LPG (kg),2848,₦850,"₦2,420,800",February,2,1,,
04/02/2025,Iwaya,Lubricant,Morning,Mrs Chika,Tuesday,AGO,14047,₦750,"₦10,535,250",February,2,1,,
04/02/2025,Iwaya,Lubricant,Morning,Mrs Chika,Tuesday,PMS,12000,₦650,"₦7,800,000",February,2,1,,
04/02/2025,Iwaya,Lubricant,Morning,Mrs Chika,Tuesday,Lubricant,794,"₦2,000","₦1,588,000",February,2,1,,
04/02/2025,Iwaya,Lubricant,Morning,Mrs Chika,Tuesday,Diesel,10013,₦820,"₦8,210,660",February,2,1,,
04/02/2025,Iwaya,Lubricant,Morning,Mrs Chika,Tuesday,LPG (kg),2030,₦850,"₦1,725,500",February,2,1,,
05/02/2025,Maryland,Cooking Gas,Night,Mr John,Wednesday,AGO,8087,₦750,"₦6,065,250",February,2,1,,
05/02/2025,Maryland,Cooking Gas,Night,Mr John,Wednesday,PMS,16302,₦650,"₦10,596,300",February,2,1,,
05/02/2025,Maryland,Cooking Gas,Night,Mr John,Wednesday,Lubricant,1295,"₦2,000","₦2,590,000",February,2,1,,
05/02/2025,Maryland,Cooking Gas,Night,Mr John,Wednesday,Diesel,12475,₦820,"₦10,229,500",February,2,1,,
05/02/2025,Maryland,Cooking Gas,Night,Mr John,Wednesday,LPG (kg),2197,₦850,"₦1,867,450",February,2,1,,
06/02/2025,Idimu,Automotive Fuel,Afternoon,Mr Tunde,Thursday,AGO,10358,₦750,"₦7,768,500",February,2,1,,
06/02/2025,Idimu,Automotive Fuel,Afternoon,Mr Tunde,Thursday,PMS,20549,₦650,"₦13,356,850",February,2,1,,
06/02/2025,Idimu,Automotive Fuel,Afternoon,Mr Tunde,Thursday,Lubricant,1151,"₦2,000","₦2,302,000",February,2,1,,
06/02/2025,Idimu,Automotive Fuel,Afternoon,Mr Tunde,Thursday,Diesel,12127,₦820,"₦9,944,140",February,2,1,,
06/02/2025,Idimu,Automotive Fuel,Afternoon,Mr Tunde,Thursday,LPG (kg),1833,₦850,"₦1,558,050",February,2,1,,
07/02/2025,Iwaya,Cooking Gas,Afternoon,Mr John,Friday,AGO,11860,₦750,"₦8,895,000",February,2,1,,
07/02/2025,Iwaya,Cooking Gas,Afternoon,Mr John,Friday,PMS,14726,₦650,"₦9,571,900",February,2,1,,
07/02/2025,Iwaya,Cooking Gas,Afternoon,Mr John,Friday,Lubricant,1123,"₦2,000","₦2,246,000",February,2,1,,
07/02/2025,Iwaya,Cooking Gas,Afternoon,Mr John,Friday,Diesel,10832,₦820,"₦8,882,240",February,2,1,,
07/02/2025,Iwaya,Cooking Gas,Afternoon,Mr John,Friday,LPG (kg),1610,₦850,"₦1,368,500",February,2,1,,
08/02/2025,Maryland,Lubricant,Morning,Mr John,Saturday,AGO,10626,₦750,"₦7,969,500",February,2,1,,
08/02/2025,Maryland,Lubricant,Morning,Mr John,Saturday,PMS,10528,₦650,"₦6,843,200",February,2,1,,
08/02/2025,Maryland,Lubricant,Morning,Mr John,Saturday,Lubricant,1154,"₦2,000","₦2,308,000",February,2,1,,
08/02/2025,Maryland,Lubricant,Morning,Mr John,Saturday,Diesel,15033,₦820,"₦12,327,060",February,2,1,,
08/02/2025,Maryland,Lubricant,Morning,Mr John,Saturday,LPG (kg),1517,₦850,"₦1,289,450",February,2,1,,
09/02/2025,Idimu,Lubricant,Night,Miss Ada,Sunday,AGO,5114,₦750,"₦3,835,500",February,2,1,,
09/02/2025,Idimu,Lubricant,Night,Miss Ada,Sunday,PMS,27809,₦650,"₦18,075,850",February,2,1,,
09/02/2025,Idimu,Lubricant,Night,Miss Ada,Sunday,Lubricant,1083,"₦2,000","₦2,166,000",February,2,1,,
09/02/2025,Idimu,Lubricant,Night,Miss Ada,Sunday,Diesel,13390,₦820,"₦10,979,800",February,2,1,,
09/02/2025,Idimu,Lubricant,Night,Miss Ada,Sunday,LPG (kg),2959,₦850,"₦2,515,150",February,2,1,,
10/02/2025,Iwaya,Automotive Fuel,Afternoon,Miss Ada,Monday,AGO,11841,₦750,"₦8,880,750",February,2,1,,
10/02/2025,Iwaya,Automotive Fuel,Afternoon,Miss Ada,Monday,PMS,17014,₦650,"₦11,059,100",February,2,1,,
10/02/2025,Iwaya,Automotive Fuel,Afternoon,Miss Ada,Monday,Lubricant,671,"₦2,000","₦1,342,000",February,2,1,,
10/02/2025,Iwaya,Automotive Fuel,Afternoon,Miss Ada,Monday,Diesel,14914,₦820,"₦12,229,480",February,2,1,,
10/02/2025,Iwaya,Automotive Fuel,Afternoon,Miss Ada,Monday,LPG (kg),1843,₦850,"₦1,566,550",February,2,1,,
11/02/2025,Maryland,Automotive Fuel,Night,Mr John,Tuesday,AGO,13785,₦750,"₦10,338,750",February,2,1,,
11/02/2025,Maryland,Automotive Fuel,Night,Mr John,Tuesday,PMS,27326,₦650,"₦17,761,900",February,2,1,,
11/02/2025,Maryland,Automotive Fuel,Night,Mr John,Tuesday,Lubricant,1389,"₦2,000","₦2,778,000",February,2,1,,
11/02/2025,Maryland,Automotive Fuel,Night,Mr John,Tuesday,Diesel,17560,₦820,"₦14,399,200",February,2,1,,
11/02/2025,Maryland,Automotive Fuel,Night,Mr John,Tuesday,LPG (kg),1809,₦850,"₦1,537,650",February,2,1,,
12/02/2025,Idimu,Lubricant,Afternoon,Mr Tunde,Wednesday,AGO,11426,₦750,"₦8,569,500",February,2,1,,
12/02/2025,Idimu,Lubricant,Afternoon,Mr Tunde,Wednesday,PMS,28491,₦650,"₦18,519,150",February,2,1,,
12/02/2025,Idimu,Lubricant,Afternoon,Mr Tunde,Wednesday,Lubricant,1006,"₦2,000","₦2,012,000",February,2,1,,
12/02/2025,Idimu,Lubricant,Afternoon,Mr Tunde,Wednesday,Diesel,11582,₦820,"₦9,497,240",February,2,1,,
12/02/2025,Idimu,Lubricant,Afternoon,Mr Tunde,Wednesday,LPG (kg),2694,₦850,"₦2,289,900",February,2,1,,
13/02/2025,Iwaya,Lubricant,Afternoon,Mr Tunde,Thursday,AGO,9383,₦750,"₦7,037,250",February,2,1,,
13/02/2025,Iwaya,Lubricant,Afternoon,Mr Tunde,Thursday,PMS,25950,₦650,"₦16,867,500",February,2,1,,
13/02/2025,Iwaya,Lubricant,Afternoon,Mr Tunde,Thursday,Lubricant,1222,"₦2,000","₦2,444,000",February,2,1,,
13/02/2025,Iwaya,Lubricant,Afternoon,Mr Tunde,Thursday,Diesel,18410,₦820,"₦15,096,200",February,2,1,,
13/02/2025,Iwaya,Lubricant,Afternoon,Mr Tunde,Thursday,LPG (kg),1374,₦850,"₦1,167,900",February,2,1,,
14/02/2025,Maryland,Cooking Gas,Morning,Mrs Chika,Friday,AGO,6012,₦750,"₦4,509,000",February,2,1,,
14/02/2025,Maryland,Cooking Gas,Morning,Mrs Chika,Friday,PMS,14564,₦650,"₦9,466,600",February,2,1,,
14/02/2025,Maryland,Cooking Gas,Morning,Mrs Chika,Friday,Lubricant,956,"₦2,000","₦1,912,000",February,2,1,,
14/02/2025,Maryland,Cooking Gas,Morning,Mrs Chika,Friday,Diesel,8507,₦820,"₦6,975,740",February,2,1,,
14/02/2025,Maryland,Cooking Gas,Morning,Mrs Chika,Friday,LPG (kg),2433,₦850,"₦2,068,050",February,2,1,,
15/02/2025,Idimu,Lubricant,Morning,Mr Tunde,Saturday,AGO,5845,₦750,"₦4,383,750",February,2,1,,
15/02/2025,Idimu,Lubricant,Morning,Mr Tunde,Saturday,PMS,15469,₦650,"₦10,054,850",February,2,1,,
15/02/2025,Idimu,Lubricant,Morning,Mr Tunde,Saturday,Lubricant,595,"₦2,000","₦1,190,000",February,2,1,,
15/02/2025,Idimu,Lubricant,Morning,Mr Tunde,Saturday,Diesel,8390,₦820,"₦6,879,800",February,2,1,,
15/02/2025,Idimu,Lubricant,Morning,Mr Tunde,Saturday,LPG (kg),2751,₦850,"₦2,338,350",February,2,1,,
16/02/2025,Iwaya,Automotive Fuel,Morning,Miss Ada,Sunday,AGO,6578,₦750,"₦4,933,500",February,2,1,,
16/02/2025,Iwaya,Automotive Fuel,Morning,Miss Ada,Sunday,PMS,17105,₦650,"₦11,118,250",February,2,1,,
16/02/2025,Iwaya,Automotive Fuel,Morning,Miss Ada,Sunday,Lubricant,1170,"₦2,000","₦2,340,000",February,2,1,,
16/02/2025,Iwaya,Automotive Fuel,Morning,Miss Ada,Sunday,Diesel,18183,₦820,"₦14,910,060",February,2,1,,
16/02/2025,Iwaya,Automotive Fuel,Morning,Miss Ada,Sunday,LPG (kg),2642,₦850,"₦2,245,700",February,2,1,,
17/02/2025,Maryland,Lubricant,Morning,Mr Tunde,Monday,AGO,5797,₦750,"₦4,347,750",February,2,1,,
17/02/2025,Maryland,Lubricant,Morning,Mr Tunde,Monday,PMS,16975,₦650,"₦11,033,750",February,2,1,,
17/02/2025,Maryland,Lubricant,Morning,Mr Tunde,Monday,Lubricant,909,"₦2,000","₦1,818,000",February,2,1,,
17/02/2025,Maryland,Lubricant,Morning,Mr Tunde,Monday,Diesel,19810,₦820,"₦16,244,200",February,2,1,,
17/02/2025,Maryland,Lubricant,Morning,Mr Tunde,Monday,LPG (kg),1316,₦850,"₦1,118,600",February,2,1,,
18/02/2025,Idimu,Lubricant,Night,Mr Tunde,Tuesday,AGO,8426,₦750,"₦6,319,500",February,2,1,,
18/02/2025,Idimu,Lubricant,Night,Mr Tunde,Tuesday,PMS,12824,₦650,"₦8,335,600",February,2,1,,
18/02/2025,Idimu,Lubricant,Night,Mr Tunde,Tuesday,Lubricant,598,"₦2,000","₦1,196,000",February,2,1,,
18/02/2025,Idimu,Lubricant,Night,Mr Tunde,Tuesday,Diesel,15446,₦820,"₦12,665,720",February,2,1,,
18/02/2025,Idimu,Lubricant,Night,Mr Tunde,Tuesday,LPG (kg),1234,₦850,"₦1,048,900",February,2,1,,
19/02/2025,Iwaya,Lubricant,Night,Miss Ada,Wednesday,AGO,6467,₦750,"₦4,850,250",February,2,1,,
19/02/2025,Iwaya,Lubricant,Night,Miss Ada,Wednesday,PMS,27636,₦650,"₦17,963,400",February,2,1,,
19/02/2025,Iwaya,Lubricant,Night,Miss Ada,Wednesday,Lubricant,1119,"₦2,000","₦2,238,000",February,2,1,,
19/02/2025,Iwaya,Lubricant,Night,Miss Ada,Wednesday,Diesel,11349,₦820,"₦9,306,180",February,2,1,,
19/02/2025,Iwaya,Lubricant,Night,Miss Ada,Wednesday,LPG (kg),2605,₦850,"₦2,214,250",February,2,1,,
